dispnum,ccode,participant_incident_count,participant_threat_count,participant_force_count,participant_max_action,participant_mean_hostlev,sidea,revstate,revtype1,revtype2,use_force_or_war
3551,2,3,1,0,7,2.6666666666666665,1,1,2,-9,1
3551,20,1,0,0,7,3.0,1,1,2,-9,1
3551,200,2,0,0,7,3.0,1,1,2,-9,1
3551,210,1,0,0,7,3.0,1,1,2,-9,1
3551,211,2,0,1,13,3.5,1,1,2,-9,1
3551,220,2,0,0,7,3.0,1,1,2,-9,1
3551,230,2,0,1,13,3.5,1,1,2,-9,1
3551,235,1,0,0,7,3.0,1,1,2,-9,1
3551,255,2,0,1,13,3.5,1,1,2,-9,1
3551,325,2,0,1,13,3.5,1,1,2,-9,1
3551,345,5,4,1,15,1.6,0,0,0,-9,1
3551,350,2,0,1,13,3.5,1,1,2,-9,1
3551,360,2,1,1,15,2.5,1,1,2,-9,1
3551,390,1,0,0,7,3.0,1,1,2,-9,1
3551,640,1,0,0,7,3.0,1,1,2,-9,1
3552,2,14,8,2,17,2.2857142857142856,1,0,0,-9,1
3552,200,3,1,0,8,2.6666666666666665,1,0,0,-9,1
3552,220,4,1,1,17,3.0,1,0,0,-9,1
3552,365,2,2,0,1,2.0,1,0,0,-9,1
3552,645,16,12,1,17,1.625,0,1,2,-9,1
3552,670,1,1,0,0,1.0,1,0,0,-9,1
3552,690,2,0,0,8,3.0,1,0,0,-9,1
3555,344,4,1,3,17,3.25,1,0,0,-9,1
3555,345,4,0,4,17,3.75,0,1,1,-9,1
3556,344,2,1,1,17,2.5,1,1,1,-9,1
3556,346,2,0,2,17,3.5,0,0,0,-9,1
3557,345,5,0,4,17,3.8,1,1,1,-9,1
3557,346,5,2,3,17,2.8,0,0,0,-9,1
3561,365,13,5,6,17,2.769230769230769,1,1,2,-9,1
3561,372,13,7,6,17,2.230769230769231,0,1,2,-9,1
3564,365,2,1,1,17,2.5,1,1,2,0,1
3564,371,15,0,15,17,4.0,1,1,1,0,1
3564,373,9,0,9,17,4.0,0,1,1,0,1
3564,630,1,0,0,7,3.0,0,1,2,0,1
3564,640,6,1,3,12,2.6666666666666665,0,1,2,0,1
3568,2,2,2,0,1,2.0,0,0,0,-9,1
3568,200,1,1,0,1,2.0,0,0,0,-9,1
3568,220,1,1,0,1,2.0,0,0,0,-9,1
3568,645,9,5,4,17,2.2222222222222223,1,1,1,-9,1
3568,690,7,3,4,17,2.857142857142857,0,0,0,-9,1
4001,800,12,1,2,17,3.0,1,0,0,0,1
4001,811,12,9,3,17,1.6666666666666667,0,1,2,0,1
4002,775,2,2,0,0,1.0,0,1,2,0,1
4002,800,2,0,0,8,3.0,1,0,0,0,1
4003,775,1,0,1,11,3.0,1,1,1,0,0
4003,800,1,1,0,0,1.0,0,0,0,0,0
4004,811,2,1,1,11,2.0,0,0,0,0,1
4004,816,2,1,1,14,2.5,1,1,1,0,1
4005,750,1,0,1,17,4.0,0,0,0,0,1
4005,771,1,0,1,17,4.0,1,0,0,0,1
4006,750,1,0,0,8,3.0,1,0,0,0,0
4006,771,1,1,0,0,1.0,0,0,0,0,0
4007,750,22,5,17,17,3.3181818181818183,0,0,0,0,1
4007,770,22,11,10,17,2.4545454545454546,1,1,1,0,1
4008,800,1,0,1,17,4.0,0,0,0,0,1
4008,816,1,0,1,17,4.0,1,0,0,0,1
4009,100,1,1,0,0,1.0,0,0,0,0,1
4009,101,1,0,1,12,3.0,1,1,4,0,1
4010,91,1,0,1,11,3.0,1,1,2,0,0
4010,92,1,1,0,0,1.0,0,0,0,0,0
4011,91,2,1,1,17,2.5,0,1,2,0,1
4011,93,2,0,2,17,4.0,1,1,2,0,1
4012,91,1,1,0,1,2.0,1,1,2,1,0
4012,93,1,1,0,0,1.0,0,0,0,0,0
4013,130,6,1,4,17,3.1666666666666665,1,1,1,0,1
4013,135,6,3,3,17,2.3333333333333335,0,1,1,0,1
4014,80,2,1,1,12,2.0,1,1,1,0,0
4014,90,2,1,1,11,2.0,0,1,1,0,0
4015,80,1,0,1,12,3.0,1,1,1,0,0
4015,90,1,1,0,0,1.0,0,1,1,0,0
4016,2,6,2,1,13,2.6666666666666665,1,1,3,0,1
4016,20,1,0,1,13,4.0,1,1,3,0,1
4016,41,7,6,0,7,1.2857142857142858,0,0,0,0,1
4016,42,1,0,1,13,4.0,1,1,3,0,1
4016,160,1,0,1,13,4.0,1,1,3,0,1
4016,200,2,0,1,13,3.5,1,1,3,0,1
4016,210,1,0,1,13,4.0,1,1,3,0,1
4016,220,1,0,1,13,4.0,1,1,3,0,1
4018,710,1,0,1,17,4.0,0,0,0,0,1
4018,731,1,0,1,17,4.0,1,1,2,0,1
4019,710,1,1,0,0,1.0,0,0,0,0,1
4019,731,1,0,1,16,4.0,1,0,0,0,1
4020,710,3,3,0,0,1.0,0,0,0,0,1
4020,713,3,0,3,16,4.0,1,1,2,0,1
4021,2,1,0,0,7,3.0,1,0,0,0,0
4021,731,2,1,0,8,2.0,0,1,2,0,0
4021,732,2,1,0,7,2.0,1,0,0,0,0
4022,2,8,3,2,11,2.25,0,0,0,0,1
4022,20,1,0,0,7,3.0,0,0,0,0,1
4022,731,36,19,9,16,1.9722222222222223,1,1,1,2,1
4022,732,30,15,1,11,2.033333333333333,0,0,0,0,1
4022,740,3,2,0,7,1.6666666666666667,0,0,0,0,1
4022,900,1,0,0,7,3.0,0,0,0,0,1
4023,710,1,0,0,8,3.0,1,1,2,0,0
4023,713,1,1,0,0,1.0,0,0,0,0,0
4024,713,1,0,0,7,3.0,1,0,0,0,0
4024,840,1,1,0,0,1.0,0,1,1,0,0
4026,713,1,1,0,0,1.0,0,1,1,0,0
4026,740,1,0,0,7,3.0,1,0,0,0,0
4027,710,2,1,1,15,2.5,1,1,1,0,1
4027,840,2,1,0,7,2.0,0,1,1,0,1
4028,710,5,4,0,7,1.4,0,1,1,0,1
4028,840,5,1,2,11,2.6,1,1,1,0,1
4029,710,1,0,0,7,3.0,1,1,1,0,0
4029,816,1,1,0,0,1.0,0,0,0,0,0
4030,710,2,0,1,13,3.5,1,1,1,0,1
4030,816,2,2,0,0,1.0,0,1,1,0,1
4031,20,6,2,3,16,3.0,1,0,0,0,1
4031,230,6,5,0,7,1.3333333333333333,0,1,2,0,1
4032,211,1,1,0,0,1.0,0,0,0,0,0
4032,490,1,1,0,1,2.0,1,0,0,0,0
4035,710,1,0,1,12,3.0,1,1,2,1,0
4035,713,1,1,0,0,1.0,0,0,0,0,0
4038,352,1,1,0,0,1.0,0,0,0,0,1
4038,640,1,1,0,1,2.0,1,1,1,0,1
4039,352,1,0,1,16,4.0,1,0,0,0,1
4039,640,1,1,0,0,1.0,0,1,1,0,1
4040,350,6,5,1,16,1.5,0,0,0,0,1
4040,640,6,2,0,8,2.0,1,1,2,0,1
4041,339,1,1,0,0,1.0,0,0,0,0,1
4041,350,1,0,1,16,4.0,1,1,2,0,1
4042,365,6,0,4,16,3.6666666666666665,1,0,0,0,1
4042,740,6,6,0,0,1.0,0,1,1,0,1
4043,339,5,3,2,16,2.2,1,1,2,0,1
4043,345,5,3,2,16,2.0,0,0,0,0,1
4045,339,1,1,0,0,1.0,0,0,0,0,0
4045,345,1,0,0,7,3.0,1,0,0,0,0
4046,2,1,1,0,0,1.0,0,0,0,0,0
4046,343,1,1,0,0,1.0,0,0,0,0,0
4046,345,3,1,1,12,2.3333333333333335,1,1,1,0,0
4048,220,1,0,0,7,3.0,1,0,0,0,0
4048,344,1,1,0,0,1.0,0,0,0,0,0
4050,365,2,0,0,7,3.0,1,1,2,0,1
4050,369,2,2,0,0,1.0,0,1,2,0,1
4051,359,1,1,0,0,1.0,0,1,2,0,0
4051,365,1,0,0,7,3.0,1,0,0,0,0
4052,365,1,1,0,0,1.0,0,0,0,0,1
4052,710,1,0,1,15,4.0,1,0,0,0,1
4054,365,9,1,8,17,3.4444444444444446,1,0,0,0,1
4054,700,10,8,2,17,1.6,0,1,3,0,1
4054,701,2,1,1,11,2.5,1,0,0,0,1
4054,702,4,2,2,11,2.5,1,0,0,0,1
4054,703,2,1,1,11,2.5,1,0,0,0,1
4054,704,2,1,1,11,2.5,1,0,0,0,1
4054,705,2,1,1,11,2.5,1,0,0,0,1
4055,365,4,0,3,16,3.75,1,0,0,0,1
4055,700,4,4,0,0,1.0,0,1,3,0,1
4058,339,1,0,1,17,4.0,1,1,2,0,1
4058,343,1,0,1,17,4.0,0,0,0,0,1
4060,713,1,0,0,7,3.0,1,0,0,0,0
4060,816,1,1,0,0,1.0,0,1,1,0,0
4061,710,2,1,0,7,2.0,1,1,1,0,0
4061,740,2,1,0,7,2.0,0,0,0,0,0
4062,710,1,0,0,7,3.0,1,1,1,0,0
4062,740,1,1,0,0,1.0,0,0,0,0,0
4063,710,2,1,0,7,2.0,0,1,1,0,0
4063,850,2,1,0,7,2.0,1,0,0,0,0
4064,2,1,0,0,7,3.0,0,0,0,0,0
4064,710,11,4,1,11,2.3636363636363638,1,1,1,2,0
4064,713,9,6,1,11,1.6666666666666667,0,0,0,0,0
4065,2,2,2,0,0,1.0,0,0,0,0,0
4065,710,1,0,0,7,3.0,1,1,2,0,0
4065,732,1,1,0,0,1.0,0,0,0,0,0
4066,452,1,0,0,8,3.0,1,1,2,0,0
4066,461,1,1,0,0,1.0,0,0,0,0,0
4067,436,1,0,1,17,4.0,0,0,0,0,1
4067,483,1,0,1,17,4.0,1,0,0,0,1
4068,475,1,0,1,14,4.0,1,1,1,0,1
4068,483,1,1,0,0,1.0,0,0,0,0,1
4069,484,1,1,0,0,1.0,0,0,0,0,1
4069,490,1,0,1,15,4.0,1,0,0,0,1
4071,490,1,0,1,11,3.0,1,0,0,0,0
4071,540,1,1,0,0,1.0,0,0,0,0,0
4072,630,4,0,4,16,4.0,1,1,2,0,1
4072,645,4,4,0,0,1.0,0,0,0,0,1
4073,630,1,1,0,0,1.0,0,0,0,0,0
4073,651,1,1,0,1,2.0,1,0,0,0,0
4075,910,1,0,1,17,4.0,1,0,0,0,1
4075,940,1,0,1,17,4.0,0,1,2,1,1
4076,910,2,0,2,16,3.5,1,0,0,0,1
4076,940,2,2,0,0,1.0,0,1,2,1,1
4078,500,15,12,2,16,1.6666666666666667,1,1,2,0,1
4078,625,15,5,9,16,2.6666666666666665,0,1,2,0,1
4079,530,6,0,6,17,4.0,1,1,1,2,1
4079,625,6,1,5,17,3.5,0,1,1,2,1
4081,531,1,1,0,0,1.0,0,0,0,0,0
4081,625,1,0,1,11,3.0,1,1,2,0,0
4082,522,2,2,0,0,1.0,0,0,0,0,1
4082,531,2,0,2,16,3.5,1,1,1,0,1
4083,500,2,1,1,11,2.0,0,0,0,0,0
4083,501,2,1,1,12,2.0,1,1,2,0,0
4084,500,1,1,0,0,1.0,0,0,0,0,0
4084,501,1,0,1,11,3.0,1,1,3,0,0
4085,437,1,0,1,17,4.0,0,0,0,0,1
4085,475,1,0,1,17,4.0,1,1,2,0,1
4086,355,1,1,0,0,1.0,0,0,0,0,1
4086,705,1,0,1,15,4.0,1,1,2,0,1
4088,2,2,0,0,7,3.0,0,0,0,0,0
4088,710,9,4,2,12,2.2222222222222223,1,1,2,1,0
4088,713,8,6,0,8,1.5,0,0,0,0,0
4089,710,1,0,1,17,4.0,0,0,0,0,1
4089,731,1,0,1,17,4.0,1,0,0,0,1
4090,339,1,1,0,0,1.0,0,0,0,0,1
4090,350,1,0,1,16,4.0,1,0,0,0,1
4092,350,7,4,1,11,1.8571428571428572,0,1,2,1,1
4092,640,7,3,1,12,2.142857142857143,1,1,2,1,1
4094,352,2,2,0,0,1.0,0,0,0,0,0
4094,640,2,0,0,7,2.5,1,1,1,0,0
4095,350,12,4,0,7,2.0833333333333335,0,1,1,0,1
4095,350,12,4,0,7,2.0833333333333335,0,1,1,0,1
4095,350,12,4,0,7,2.0833333333333335,0,1,1,0,1
4095,352,23,20,1,16,1.2608695652173914,0,1,1,0,1
4095,640,34,10,16,16,2.4705882352941178,1,0,0,0,1
4096,365,1,0,1,14,4.0,1,1,2,0,1
4096,372,1,1,0,0,1.0,0,0,0,0,1
4097,339,1,0,1,17,4.0,1,0,0,0,1
4097,343,1,0,1,17,4.0,0,0,0,0,1
4098,365,1,0,0,7,3.0,1,0,0,0,0
4098,369,1,1,0,0,1.0,0,0,0,0,0
4100,344,2,2,0,0,1.0,0,0,0,0,0
4100,345,2,0,0,7,3.0,1,1,2,0,0
4101,310,2,0,2,11,3.0,1,0,0,0,0
4101,344,2,2,0,0,1.0,0,0,0,0,0
4102,310,2,0,2,11,3.0,1,0,0,0,0
4102,345,2,2,0,0,1.0,0,0,0,0,0
4103,365,1,0,0,8,3.0,1,0,0,0,0
4103,367,1,1,0,0,1.0,0,1,2,0,0
4104,365,1,1,0,0,1.0,0,0,0,0,1
4104,710,1,0,1,16,4.0,1,1,1,0,1
4105,365,1,0,0,7,3.0,1,0,0,0,0
4105,368,1,1,0,0,1.0,0,0,0,0,0
4106,290,1,1,0,0,1.0,0,0,0,0,0
4106,365,1,0,0,7,3.0,1,1,2,0,0
4107,290,1,1,0,0,1.0,0,0,0,0,1
4107,365,1,0,1,15,4.0,1,0,0,0,1
4108,360,1,1,0,0,1.0,0,0,0,0,0
4108,369,1,0,0,8,3.0,1,1,2,0,0
4109,372,1,1,0,0,1.0,0,0,0,0,0
4109,373,1,0,1,12,3.0,1,1,2,0,0
4111,365,1,0,1,11,3.0,1,1,2,0,0
4111,367,1,1,0,0,1.0,0,0,0,0,0
4113,630,1,0,1,16,4.0,1,1,2,0,1
4113,645,1,1,0,0,1.0,0,0,0,0,1
4114,670,4,0,3,17,3.75,1,1,1,0,1
4114,679,4,2,2,17,2.5,0,0,0,0,1
4116,452,1,1,0,0,1.0,0,0,0,0,0
4116,461,1,0,1,11,3.0,1,0,0,0,0
4117,565,1,1,0,0,1.0,0,0,0,0,0
4117,571,1,0,1,12,3.0,1,1,1,0,0
4118,510,2,1,0,8,2.5,1,0,0,0,0
4118,516,2,2,0,0,1.0,0,0,0,0,0
4119,471,3,1,2,12,2.3333333333333335,1,1,1,0,1
4119,475,3,2,1,11,1.6666666666666667,0,1,1,0,1
4121,531,6,0,6,17,3.8333333333333335,1,1,1,0,1
4121,679,6,3,3,17,2.5,0,0,0,0,1
4122,490,2,0,2,17,4.0,1,0,0,0,1
4122,517,2,0,2,17,4.0,0,1,3,1,1
4123,510,2,1,1,16,2.5,0,0,0,0,1
4123,516,2,1,1,12,2.0,1,0,0,0,1
4124,531,6,1,5,17,3.3333333333333335,1,1,2,3,1
4124,625,6,0,6,17,3.6666666666666665,0,1,2,3,1
4125,2,2,0,0,7,3.0,1,1,2,0,0
4125,731,2,2,0,0,1.0,0,0,0,0,0
4125,732,1,0,0,7,3.0,1,1,2,0,0
4126,732,1,0,0,7,3.0,1,1,1,0,0
4126,740,1,1,0,0,1.0,0,1,1,0,0
4127,732,1,1,0,0,1.0,0,1,2,0,1
4127,740,1,0,1,15,4.0,1,0,0,0,1
4128,710,4,3,0,7,1.5,0,1,1,0,1
4128,840,4,1,0,8,2.5,1,1,1,0,1
4130,530,1,0,1,17,4.0,1,1,2,0,1
4130,625,1,0,1,17,4.0,0,1,2,0,1
4132,531,2,0,2,15,4.0,1,1,1,2,1
4132,679,2,2,0,0,1.0,0,0,0,0,1
4133,350,2,1,0,7,2.0,0,1,1,0,0
4133,640,2,1,1,12,2.0,1,1,1,0,0
4134,625,2,0,2,17,4.0,0,1,1,3,1
4134,651,2,1,1,17,2.5,1,1,2,3,1
4135,800,5,0,2,16,3.2,1,0,0,0,1
4135,811,5,5,0,0,1.0,0,0,0,0,1
4136,339,1,1,0,0,1.0,0,0,0,0,0
4136,345,1,0,0,8,3.0,1,1,4,0,0
4137,2,15,8,1,11,2.4,1,1,2,0,1
4137,20,10,6,0,8,2.4,1,1,2,0,1
4137,200,14,7,2,11,2.357142857142857,1,1,2,0,1
4137,210,11,7,0,8,2.3636363636363638,1,1,2,0,1
4137,211,11,6,0,8,2.4545454545454546,1,1,2,0,1
4137,212,8,5,0,8,2.375,1,1,2,0,1
4137,220,12,6,1,11,2.5,1,1,2,0,1
4137,230,10,5,0,8,2.5,1,1,2,0,1
4137,235,9,5,0,8,2.4444444444444446,1,1,2,0,1
4137,255,12,7,0,8,2.3333333333333335,1,1,2,0,1
4137,290,1,0,0,7,3.0,1,1,2,0,1
4137,310,1,0,0,7,3.0,1,1,2,0,1
4137,316,1,0,0,7,3.0,1,1,2,0,1
4137,325,12,7,0,8,2.4166666666666665,1,1,2,0,1
4137,339,26,18,2,11,1.6153846153846154,1,1,2,0,1
4137,343,1,0,1,11,3.0,1,1,2,0,1
4137,343,1,0,1,11,3.0,1,1,2,0,1
4137,345,49,25,23,16,2.204081632653061,0,0,0,0,1
4137,350,11,6,0,8,2.4545454545454546,1,1,2,0,1
4137,365,2,0,0,7,3.0,1,1,2,0,1
4137,368,2,0,0,7,3.0,1,1,2,0,1
4137,385,9,5,0,8,2.4444444444444446,1,1,2,0,1
4137,390,9,5,0,8,2.4444444444444446,1,1,2,0,1
4137,395,8,5,0,8,2.375,1,1,2,0,1
4137,640,12,7,0,8,2.4166666666666665,1,1,2,0,1
4138,775,1,0,1,17,4.0,1,0,0,0,1
4138,800,1,0,1,17,4.0,0,0,0,0,1
4140,91,2,2,0,0,1.0,0,1,2,0,1
4140,93,2,0,1,11,3.0,1,1,2,0,1
4141,91,2,0,2,17,4.0,1,1,2,0,1
4141,93,2,0,2,17,4.0,0,1,2,0,1
4143,130,4,1,3,17,3.0,0,1,1,0,1
4143,135,4,1,3,17,3.0,1,1,1,0,1
4144,130,2,1,1,12,2.0,1,1,1,0,1
4144,135,2,1,1,15,2.5,0,1,1,0,1
4145,93,1,0,1,15,4.0,1,1,2,1,1
4145,100,1,1,0,0,1.0,0,0,0,0,1
4146,93,1,1,0,0,1.0,0,0,0,0,1
4146,94,1,0,1,12,3.0,1,0,0,0,1
4147,93,2,1,0,7,2.0,1,0,0,0,0
4147,94,2,1,1,11,2.0,0,1,2,0,0
4148,155,1,1,0,0,1.0,0,0,0,0,1
4148,200,1,0,1,15,4.0,1,1,2,0,1
4149,52,1,1,0,0,1.0,0,0,0,0,1
4149,101,1,0,1,16,4.0,1,1,2,0,1
4150,80,2,1,1,12,2.0,1,1,1,0,0
4150,90,2,1,1,11,2.0,0,1,1,0,0
4151,80,1,1,0,0,1.0,0,1,1,0,1
4151,90,1,0,1,15,4.0,1,1,1,0,1
4152,80,2,0,2,12,3.0,1,1,1,0,0
4152,90,2,2,0,0,1.0,0,1,1,0,0
4154,52,1,1,0,0,1.0,0,1,2,0,1
4154,101,1,0,1,15,4.0,1,1,2,0,1
4155,52,1,1,0,0,1.0,0,0,0,0,1
4155,101,1,0,1,15,4.0,1,1,2,0,1
4156,110,3,2,1,11,1.6666666666666667,0,0,0,0,0
4156,115,3,1,1,11,2.3333333333333335,1,1,2,0,0
4158,640,2,0,2,14,4.0,1,1,2,0,1
4158,645,2,2,0,0,1.0,0,0,0,0,1
4159,630,1,0,1,11,3.0,1,0,0,0,0
4159,700,1,1,0,0,1.0,0,0,0,0,0
4160,630,4,3,0,7,1.5,0,0,0,0,1
4160,700,4,1,3,15,2.75,1,0,0,0,1
4161,630,1,0,1,16,4.0,1,1,3,0,1
4161,700,1,1,0,0,1.0,0,0,0,0,1
4162,560,2,1,0,7,2.0,1,1,3,0,0
4162,570,2,1,1,11,2.0,0,0,0,0,0
4164,483,1,1,0,0,1.0,0,0,0,0,0
4164,620,1,0,0,7,3.0,1,1,1,0,0
4165,471,1,0,1,17,4.0,1,1,1,0,1
4165,475,1,0,1,17,4.0,0,1,1,0,1
4166,471,2,0,2,17,4.0,1,1,1,0,1
4166,475,2,0,2,17,4.0,0,1,1,0,1
4168,484,1,0,1,17,4.0,0,0,0,0,1
4168,540,1,0,1,17,4.0,1,0,0,0,1
4169,541,1,1,0,0,1.0,0,0,0,0,0
4169,572,1,0,1,12,3.0,1,0,0,0,0
4170,490,2,1,1,11,2.0,1,1,2,0,1
4170,500,2,1,1,16,2.5,0,1,2,0,1
4171,91,4,3,1,15,1.75,0,1,2,0,1
4171,93,4,1,3,15,3.25,1,1,2,0,1
4172,100,1,1,0,0,1.0,0,0,0,0,1
4172,101,1,0,1,16,4.0,1,1,2,0,1
4173,365,1,1,0,0,1.0,0,0,0,0,1
4173,640,1,0,1,16,4.0,1,0,0,0,1
4174,2,1,0,1,15,4.0,1,1,2,1,1
4174,365,1,1,0,0,1.0,0,0,0,0,1
4175,371,7,0,7,17,4.0,1,1,1,0,1
4175,373,7,1,6,17,3.5714285714285716,0,0,0,0,1
4176,365,1,0,0,8,3.0,1,0,0,0,0
4176,700,2,2,0,0,1.0,0,1,2,0,0
4176,702,1,0,0,8,3.0,1,0,0,0,0
4176,703,1,0,0,8,3.0,1,0,0,0,0
4176,704,2,0,1,11,3.0,1,0,0,0,0
4177,703,1,1,0,0,1.0,0,0,0,0,1
4177,704,1,0,1,14,4.0,1,1,4,0,1
4179,702,2,2,0,0,1.0,0,0,0,0,1
4179,704,2,0,2,16,4.0,1,1,4,0,1
4180,710,2,0,0,7,3.0,1,1,1,0,0
4180,740,2,2,0,0,1.0,0,0,0,0,0
4182,652,9,5,3,17,2.2222222222222223,0,0,0,0,1
4182,652,9,5,3,17,2.2222222222222223,0,0,0,0,1
4182,652,9,5,3,17,2.2222222222222223,0,0,0,0,1
4182,652,9,5,3,17,2.2222222222222223,0,0,0,0,1
4182,652,9,5,3,17,2.2222222222222223,0,0,0,0,1
4182,660,233,225,8,17,1.1072961373390557,0,1,2,0,1
4182,666,242,7,232,17,3.4008264462809916,1,1,2,0,1
4183,2,1,1,0,0,1.0,0,0,0,0,1
4183,20,1,0,1,15,4.0,1,1,2,0,1
4186,2,1,0,0,7,3.0,1,0,0,0,0
4186,160,1,0,0,7,3.0,1,0,0,0,0
4186,210,1,0,0,7,3.0,1,0,0,0,0
4186,290,1,0,0,7,3.0,1,0,0,0,0
4186,325,1,0,0,7,3.0,1,0,0,0,0
4186,345,1,1,0,0,1.0,0,1,2,0,0
4186,360,1,0,0,7,3.0,1,0,0,0,0
4187,522,2,1,1,11,2.0,1,0,0,0,0
4187,531,2,1,1,11,2.0,0,1,2,0,0
4188,501,1,0,1,17,4.0,0,0,0,0,1
4188,530,1,0,1,17,4.0,1,1,2,0,1
4189,130,2,1,1,14,2.5,1,1,1,0,1
4189,135,2,1,1,11,2.0,0,1,1,0,1
4190,2,1,1,0,1,2.0,0,0,0,0,0
4190,640,1,1,0,0,1.0,0,1,2,0,0
4190,652,2,1,1,11,2.0,1,0,0,0,0
4191,630,1,1,0,0,1.0,0,0,0,0,1
4191,640,1,0,1,16,4.0,1,1,2,0,1
4192,630,2,0,2,16,4.0,1,1,2,0,1
4192,645,2,2,0,0,1.0,0,0,0,0,1
4193,350,10,5,3,17,2.0,1,1,1,2,1
4193,640,10,4,5,17,2.3,0,1,1,2,1
4196,2,1,1,0,0,1.0,0,0,0,0,1
4196,40,1,0,1,16,4.0,1,1,2,0,1
4197,2,2,1,0,8,2.0,0,0,0,0,0
4197,20,2,1,0,8,2.0,0,0,0,0,0
4197,365,1,0,0,7,3.0,1,1,4,0,0
4200,531,1,0,1,15,4.0,1,1,2,0,1
4200,679,1,1,0,0,1.0,0,0,0,0,1
4201,365,7,1,2,11,2.7142857142857144,1,0,0,0,1
4201,700,9,5,3,17,2.0,0,1,2,0,1
4201,704,2,1,1,12,2.0,1,0,0,0,1
4203,670,4,0,4,17,4.0,1,1,1,0,1
4203,679,4,0,4,17,4.0,0,0,0,0,1
4205,630,1,0,1,16,4.0,1,1,2,0,1
4205,645,1,1,0,0,1.0,0,0,0,0,1
4206,640,4,0,4,16,3.75,1,1,2,0,1
4206,645,4,4,0,0,1.0,0,0,0,0,1
4208,640,1,0,1,14,4.0,1,1,2,0,1
4208,645,1,1,0,0,1.0,0,0,0,0,1
4210,350,2,1,1,12,2.0,1,0,0,0,0
4210,640,2,1,1,12,2.0,0,0,0,0,0
4212,365,2,0,2,12,3.0,1,1,2,0,0
4212,372,2,2,0,0,1.0,0,0,0,0,0
4213,2,2,0,2,15,4.0,1,1,2,0,1
4213,365,2,2,0,0,1.0,0,0,0,0,1
4214,368,1,1,0,0,1.0,0,0,0,0,1
4214,411,1,0,1,15,4.0,1,1,2,0,1
4215,645,1,1,0,0,1.0,0,0,0,0,0
4215,690,1,0,0,8,3.0,1,0,0,0,0
4216,2,1,0,0,7,3.0,1,0,0,0,0
4216,630,1,1,0,0,1.0,0,1,2,0,0
4217,2,1,0,1,16,4.0,1,1,2,0,1
4217,625,1,1,0,0,1.0,0,0,0,0,1
4218,2,1,1,0,0,1.0,0,0,0,0,0
4218,731,2,2,0,1,2.0,1,1,2,0,0
4218,732,1,1,0,0,1.0,0,0,0,0,0
4219,100,1,1,0,0,1.0,0,0,0,0,1
4219,101,1,0,1,15,4.0,1,0,0,0,1
4220,2,2,1,0,7,2.0,0,0,0,0,0
4220,365,2,1,0,7,2.0,1,0,0,0,0
4221,365,1,1,0,0,1.0,0,0,0,0,1
4221,371,1,1,0,0,1.0,0,0,0,0,1
4221,640,2,0,2,16,3.5,1,1,2,1,1
4222,365,1,0,1,16,4.0,1,0,0,0,1
4222,740,1,1,0,0,1.0,0,1,1,0,1
4223,750,6,1,4,17,3.3333333333333335,1,0,0,0,1
4223,770,6,2,4,17,3.0,0,0,0,0,1
4224,345,1,1,0,0,1.0,0,0,0,0,0
4224,640,1,1,0,1,2.0,1,1,2,0,0
4225,731,1,0,1,12,3.0,1,1,2,0,0
4225,740,1,1,0,0,1.0,0,0,0,0,0
4226,731,1,0,0,7,3.0,1,1,2,0,0
4226,740,1,1,0,0,1.0,0,0,0,0,0
4227,2,1,0,1,16,4.0,1,1,2,0,1
4227,700,1,1,0,0,1.0,0,0,0,0,1
4228,365,2,0,1,11,3.0,1,0,0,0,0
4228,700,1,1,0,0,1.0,0,1,3,0,0
4228,702,2,0,1,11,3.0,1,0,0,0,0
4228,704,1,0,1,11,3.0,1,0,0,0,0
4229,339,1,0,1,11,3.0,1,0,0,0,0
4229,345,1,1,0,0,1.0,0,0,0,0,0
4230,344,1,0,0,8,3.0,1,0,0,0,0
4230,345,1,1,0,0,1.0,0,0,0,0,0
4231,344,1,0,1,15,4.0,1,0,0,0,1
4231,346,1,1,0,0,1.0,0,0,0,0,1
4232,371,2,0,2,16,4.0,1,1,1,0,1
4232,373,2,2,0,0,1.0,0,0,0,0,1
4235,371,1,0,1,16,4.0,1,1,1,0,1
4235,373,1,1,0,0,1.0,0,0,0,0,1
4236,371,1,1,0,0,1.0,0,0,0,0,0
4236,373,1,0,0,4,2.0,1,1,1,0,0
4237,560,1,1,0,0,1.0,0,0,0,0,0
4237,570,1,0,1,11,3.0,1,0,0,0,0
4238,365,1,1,0,0,1.0,0,0,0,0,0
4238,385,1,0,0,7,3.0,1,1,2,0,0
4239,365,2,1,1,12,2.0,1,0,0,0,0
4239,740,2,1,0,7,2.0,0,0,0,0,0
4240,368,1,1,0,0,1.0,0,0,0,0,0
4240,370,1,0,0,7,3.0,1,1,2,0,0
4242,365,15,4,7,16,2.6666666666666665,1,1,2,0,1
4242,372,15,11,3,11,1.5333333333333334,0,0,0,0,1
4243,840,1,1,0,0,1.0,0,1,2,0,1
4243,986,1,0,1,16,4.0,1,0,0,0,1
4244,490,1,1,0,0,1.0,0,0,0,0,0
4244,540,1,0,1,11,3.0,1,1,3,0,0
4245,484,1,1,0,0,1.0,0,0,0,0,1
4245,490,1,0,1,16,4.0,1,0,0,0,1
4246,484,1,0,1,17,4.0,0,0,0,0,1
4246,540,1,0,1,17,4.0,1,1,3,0,1
4248,500,3,3,0,0,1.0,0,0,0,0,1
4248,625,3,0,3,16,3.6666666666666665,1,0,0,0,1
4249,500,1,1,0,0,1.0,0,0,0,0,0
4249,501,1,0,1,11,3.0,1,0,0,0,0
4250,471,3,0,3,17,3.6666666666666665,1,1,1,0,1
4250,475,3,1,2,17,3.0,0,1,1,0,1
4251,438,1,0,1,14,4.0,1,1,3,0,1
4251,451,10,5,5,17,2.5,0,0,0,0,1
4251,452,2,1,1,14,3.0,1,1,3,0,1
4251,475,9,0,8,17,3.888888888888889,1,1,3,0,1
4252,500,1,0,1,17,4.0,1,1,2,1,1
4252,517,1,0,1,17,4.0,0,1,2,1,1
4253,500,2,0,2,17,3.5,1,1,2,1,1
4253,517,2,1,1,17,2.5,0,1,2,1,1
4254,2,1,0,0,7,3.0,1,0,0,0,0
4254,450,1,1,0,0,1.0,0,0,0,0,0
4255,450,1,1,0,0,1.0,0,0,0,0,0
4255,475,1,0,1,12,3.0,1,0,0,0,0
4256,450,2,1,1,11,2.0,0,0,0,0,0
4256,451,2,2,0,1,1.5,1,1,2,0,0
4256,475,1,1,0,1,2.0,1,1,2,0,0
4257,438,4,3,1,16,1.75,0,1,2,0,1
4257,450,4,1,3,11,2.5,1,1,2,0,1
4258,530,1,0,1,17,4.0,0,0,0,0,1
4258,531,1,0,1,17,4.0,1,1,1,0,1
4259,91,2,0,1,11,3.0,1,1,2,0,0
4259,93,2,2,0,0,1.0,0,1,2,0,0
4260,101,1,0,0,7,3.0,1,1,1,0,0
4260,110,1,1,0,0,1.0,0,0,0,0,0
4261,2,1,0,1,12,3.0,1,1,4,0,0
4261,101,1,1,0,0,1.0,0,0,0,0,0
4262,100,1,1,0,0,1.0,0,0,0,0,1
4262,101,1,0,1,16,4.0,1,1,2,0,1
4263,93,1,1,0,0,1.0,0,1,2,1,1
4263,100,1,0,1,15,4.0,1,0,0,0,1
4264,850,1,1,0,0,1.0,0,1,2,0,0
4264,900,1,0,0,8,3.0,1,0,0,0,0
4266,731,1,0,1,17,4.0,0,1,1,0,1
4266,740,1,0,1,17,4.0,1,0,0,0,1
4269,2,5,1,1,11,2.8,1,0,0,0,0
4269,200,2,0,1,11,3.0,1,0,0,0,0
4269,220,1,0,1,11,3.0,1,0,0,0,0
4269,645,14,13,1,11,1.1428571428571428,0,1,1,2,0
4269,690,4,1,2,11,2.5,1,0,0,0,0
4269,692,1,0,0,7,3.0,1,0,0,0,0
4269,696,1,0,1,11,3.0,1,0,0,0,0
4269,698,2,0,1,11,3.0,1,0,0,0,0
4271,2,5,1,2,16,3.0,1,0,0,0,1
4271,200,1,0,1,16,4.0,1,0,0,0,1
4271,645,6,5,0,7,1.3333333333333333,0,1,2,0,1
4271,690,1,0,0,8,3.0,1,0,0,0,1
4272,645,2,1,1,11,2.0,0,1,1,0,1
4272,690,2,1,1,16,2.5,1,0,0,0,1
4273,2,73,12,51,17,3.452054794520548,1,1,2,3,1
4273,200,36,8,22,17,3.3055555555555554,1,1,2,3,1
4273,210,2,0,0,7,3.0,1,0,0,0,1
4273,210,2,0,0,7,3.0,1,1,2,3,1
4273,220,1,0,0,7,3.0,1,0,0,0,1
4273,255,1,0,0,7,3.0,1,0,0,0,1
4273,290,1,0,1,20,5.0,1,1,2,3,1
4273,325,1,0,0,7,3.0,1,0,0,0,1
4273,350,1,0,0,7,3.0,1,0,0,0,1
4273,640,1,1,0,0,1.0,1,0,0,0,1
4273,645,82,55,26,17,2.073170731707317,0,1,2,0,1
4273,651,1,0,0,7,3.0,1,0,0,0,1
4273,663,1,0,0,7,3.0,1,0,0,0,1
4273,666,2,1,1,10,2.0,1,0,0,0,1
4273,666,2,1,1,10,2.0,1,0,0,0,1
4273,670,3,2,1,17,2.0,1,1,2,0,1
4273,670,3,2,1,17,2.0,1,0,0,0,1
4273,690,4,1,1,11,2.5,1,1,2,0,1
4273,690,4,1,1,11,2.5,1,0,0,0,1
4273,692,1,0,0,7,3.0,1,1,2,0,1
4273,694,1,0,0,7,3.0,1,1,2,0,1
4273,696,2,0,0,7,3.0,1,1,2,0,1
4273,696,2,0,0,7,3.0,1,0,0,0,1
4273,698,1,0,0,7,3.0,1,1,2,0,1
4273,900,2,0,1,20,4.0,1,1,2,3,1
4274,645,1,0,0,7,3.0,1,1,1,0,0
4274,690,1,1,0,0,1.0,0,0,0,0,0
4275,645,1,1,0,0,1.0,0,1,1,0,0
4275,690,1,0,1,10,3.0,1,0,0,0,0
4277,750,40,8,26,17,3.125,0,1,2,0,1
4277,770,40,13,24,17,2.875,1,1,1,0,1
4278,710,1,0,0,7,3.0,1,1,2,0,0
4278,900,1,1,0,0,1.0,0,0,0,0,0
4279,710,1,0,0,7,3.0,1,1,1,0,0
4279,840,1,1,0,0,1.0,0,1,1,0,0
4280,2,3,2,1,12,1.6666666666666667,0,0,0,0,1
4280,710,3,1,0,7,2.3333333333333335,1,1,2,0,1
4281,2,2,1,0,7,2.5,0,0,0,0,0
4281,710,3,2,0,4,1.6666666666666667,1,1,2,0,0
4281,713,2,2,0,0,1.0,0,0,0,0,0
4282,731,18,3,7,17,2.8333333333333335,1,1,2,1,1
4282,732,18,12,3,17,1.8333333333333333,0,1,2,0,1
4283,2,7,4,0,7,2.142857142857143,1,1,3,2,1
4283,20,1,0,1,16,4.0,1,1,3,2,1
4283,200,4,1,1,17,3.0,1,1,3,2,1
4283,210,1,0,0,7,3.0,1,1,3,2,1
4283,220,2,0,1,16,3.5,1,1,3,2,1
4283,230,1,0,0,7,3.0,1,1,3,2,1
4283,235,1,0,0,7,3.0,1,1,3,2,1
4283,255,1,0,0,7,3.0,1,1,3,2,1
4283,350,1,0,0,7,3.0,1,1,3,2,1
4283,365,3,0,1,11,3.0,1,1,3,2,1
4283,640,2,0,1,16,3.5,1,1,3,2,1
4283,700,17,12,3,17,1.7647058823529411,0,0,0,0,1
4283,702,1,0,0,8,3.0,1,1,3,2,1
4283,704,2,1,1,11,2.0,1,1,3,2,1
4283,770,1,0,1,15,4.0,1,1,3,2,1
4283,900,2,0,2,21,4.5,1,1,3,2,1
4284,482,1,0,0,7,3.0,1,1,2,0,0
4284,483,1,1,0,0,1.0,0,0,0,0,0
4285,371,1,0,1,16,4.0,1,0,0,0,1
4285,630,1,1,0,0,1.0,0,0,0,0,1
4286,625,1,0,1,15,4.0,1,1,1,0,1
4286,651,1,1,0,0,1.0,0,0,0,0,1
4287,625,1,0,1,15,4.0,1,1,1,0,1
4287,651,1,1,0,0,1.0,0,0,0,0,1
4288,625,1,1,0,0,1.0,0,0,0,0,1
4288,651,1,0,1,16,4.0,1,1,1,0,1
4289,630,1,1,0,0,1.0,0,0,0,0,1
4289,640,1,0,1,16,4.0,1,1,2,0,1
4290,630,1,1,0,0,1.0,0,0,0,0,0
4290,640,1,0,0,7,3.0,1,1,2,0,0
4291,640,2,0,0,7,3.0,1,1,2,0,0
4291,652,2,2,0,0,1.0,0,0,0,0,0
4292,630,1,0,1,16,4.0,1,1,2,0,1
4292,645,1,1,0,0,1.0,0,0,0,0,1
4293,670,1,1,0,0,1.0,0,0,0,0,0
4293,694,1,0,0,8,3.0,1,0,0,0,0
4295,20,1,1,0,0,1.0,0,0,0,0,1
4295,200,1,1,0,0,1.0,0,0,0,0,1
4295,345,2,0,2,15,4.0,1,0,0,0,1
4296,385,1,1,0,0,1.0,0,1,2,0,1
4296,900,1,0,1,15,4.0,1,0,0,0,1
4297,365,1,0,1,15,4.0,1,0,0,0,1
4297,740,1,1,0,0,1.0,0,1,1,0,1
4298,2,1,0,0,7,3.0,0,0,0,0,1
4298,344,2,1,0,7,2.0,0,0,0,0,1
4298,345,2,1,1,15,2.5,1,0,0,0,1
4299,2,2,1,1,16,3.0,1,0,0,0,1
4299,645,2,2,0,0,1.0,0,0,0,0,1
4300,438,1,0,1,16,4.0,1,1,2,0,1
4300,451,1,1,0,0,1.0,0,0,0,0,1
4301,450,1,1,0,0,1.0,0,0,4,0,1
4301,451,1,0,1,15,4.0,1,1,4,0,1
4302,438,1,0,0,8,3.0,1,1,2,0,0
4302,450,1,1,0,0,1.0,0,1,2,0,0
4303,540,2,1,1,16,2.5,1,1,2,0,1
4303,551,2,1,1,15,2.5,0,0,0,0,1
4304,500,1,1,0,0,1.0,0,0,0,0,0
4304,625,1,0,1,12,3.0,1,0,0,0,0
4305,500,1,0,0,8,3.0,1,0,0,0,0
4305,625,1,1,0,0,1.0,0,0,0,0,0
4306,471,1,1,0,0,1.0,0,0,0,0,1
4306,482,1,0,1,14,4.0,1,1,1,0,1
4307,490,1,0,1,14,4.0,1,0,0,0,1
4307,551,1,1,0,0,1.0,0,0,0,0,1
4308,432,1,0,1,17,4.0,0,0,0,0,1
4308,436,1,0,1,17,4.0,1,0,0,0,1
4309,437,1,1,0,0,1.0,0,0,0,0,1
4309,438,1,0,1,14,4.0,1,1,1,0,1
4310,500,1,0,1,11,3.0,1,0,0,0,0
4310,517,1,1,0,0,1.0,0,0,0,0,0
4312,434,1,1,0,0,1.0,0,0,0,0,1
4312,475,1,0,1,14,4.0,1,1,1,0,1
4313,750,1,0,1,11,3.0,1,1,2,0,0
4313,771,1,1,0,0,1.0,0,0,0,0,0
4314,775,1,0,1,17,4.0,1,0,0,0,1
4314,800,1,0,1,17,4.0,0,1,2,0,1
4315,640,1,1,0,0,1.0,0,0,0,0,0
4315,652,1,0,1,11,3.0,1,1,2,0,0
4317,373,2,2,0,0,1.0,0,0,0,0,0
4317,630,2,0,1,12,3.0,1,1,4,2,0
4318,371,1,0,1,17,4.0,1,0,0,0,1
4318,373,1,0,1,17,4.0,0,0,0,0,1
4319,371,2,0,2,17,4.0,1,0,0,0,1
4319,373,2,0,2,17,4.0,0,0,0,0,1
4320,350,9,5,1,12,1.8888888888888888,1,1,1,2,0
4320,640,9,4,0,7,2.111111111111111,0,1,1,2,0
4321,365,1,1,0,0,1.0,0,0,0,0,1
4321,385,1,0,1,15,4.0,1,1,2,0,1
4322,731,1,1,0,0,1.0,0,0,0,0,0
4322,740,1,0,0,8,3.0,1,1,2,0,0
4323,350,2,2,0,0,1.0,0,1,2,1,0
4323,640,2,0,2,12,3.0,1,1,2,1,0
4324,640,1,0,0,7,3.0,1,1,2,0,1
4324,645,1,1,0,0,1.0,0,0,0,0,1
4325,640,6,0,5,16,3.5,1,1,2,0,1
4325,645,6,6,0,0,1.0,0,0,0,0,1
4328,710,1,1,0,0,1.0,0,0,0,0,0
4328,816,1,0,0,7,3.0,1,1,1,0,0
4329,816,1,1,0,0,1.0,0,1,1,0,0
4329,840,1,0,0,7,3.0,1,0,0,0,0
4330,816,1,0,1,16,4.0,1,1,1,0,1
4330,840,1,1,0,0,1.0,0,1,1,0,1
4331,713,1,0,0,7,3.0,1,0,0,0,0
4331,816,1,1,0,0,1.0,0,1,1,0,0
4332,310,1,0,0,8,3.0,1,0,0,0,0
4332,345,1,1,0,0,1.0,0,0,0,0,0
4333,345,1,0,0,7,3.0,1,1,1,0,0
4333,346,1,1,0,0,1.0,0,0,0,0,0
4334,200,1,0,0,8,3.0,1,1,2,0,0
4334,365,1,1,0,0,1.0,0,0,0,0,0
4335,365,1,1,0,0,1.0,0,0,0,0,0
4335,385,1,0,0,7,3.0,1,0,0,0,0
4337,630,1,0,1,11,3.0,1,1,2,0,0
4337,640,1,1,0,0,1.0,0,0,0,0,0
4338,365,1,1,0,0,1.0,0,0,0,0,1
4338,373,1,0,1,15,4.0,1,1,2,0,1
4339,483,2,0,2,21,5.0,1,0,0,0,1
4339,490,5,1,3,17,2.8,1,0,0,0,1
4339,500,3,0,3,17,3.6666666666666665,0,1,2,3,1
4339,517,4,1,3,17,3.0,0,1,2,3,1
4339,540,2,0,2,17,4.0,1,0,0,0,1
4339,552,2,0,2,17,4.0,1,0,0,0,1
4339,565,2,0,2,17,4.0,1,0,0,0,1
4340,344,2,2,0,0,1.0,0,0,0,0,1
4340,345,2,0,0,8,3.0,1,1,1,2,1
4341,344,7,0,6,17,3.857142857142857,1,1,1,2,1
4341,346,7,2,5,17,3.142857142857143,0,0,0,0,1
4342,2,1,1,0,0,1.0,0,0,0,0,0
4342,20,1,1,0,0,1.0,0,0,0,0,0
4342,200,1,1,0,0,1.0,0,0,0,0,0
4342,210,1,1,0,0,1.0,0,0,0,0,0
4342,211,1,1,0,0,1.0,0,0,0,0,0
4342,220,1,1,0,0,1.0,0,0,0,0,0
4342,230,1,1,0,0,1.0,0,0,0,0,0
4342,235,1,1,0,0,1.0,0,0,0,0,0
4342,255,1,1,0,0,1.0,0,0,0,0,0
4342,325,1,1,0,0,1.0,0,0,0,0,0
4342,365,6,0,0,8,3.0,1,1,2,0,0
4342,385,1,1,0,0,1.0,0,0,0,0,0
4342,390,1,1,0,0,1.0,0,0,0,0,0
4342,640,1,1,0,0,1.0,0,0,0,0,0
4343,2,2,2,0,0,1.0,0,0,0,0,0
4343,20,2,2,0,0,1.0,0,0,0,0,0
4343,160,2,2,0,0,1.0,0,0,0,0,0
4343,200,2,2,0,0,1.0,0,0,0,0,0
4343,205,2,2,0,0,1.0,0,0,0,0,0
4343,210,2,2,0,0,1.0,0,0,0,0,0
4343,211,2,2,0,0,1.0,0,0,0,0,0
4343,212,2,2,0,0,1.0,0,0,0,0,0
4343,220,2,2,0,0,1.0,0,0,0,0,0
4343,225,2,2,0,0,1.0,0,0,0,0,0
4343,230,2,2,0,0,1.0,0,0,0,0,0
4343,235,2,2,0,0,1.0,0,0,0,0,0
4343,255,2,2,0,0,1.0,0,0,0,0,0
4343,290,2,2,0,0,1.0,0,0,0,0,0
4343,305,2,2,0,0,1.0,0,0,0,0,0
4343,310,2,2,0,0,1.0,0,0,0,0,0
4343,316,2,2,0,0,1.0,0,0,0,0,0
4343,317,2,2,0,0,1.0,0,0,0,0,0
4343,325,2,2,0,0,1.0,0,0,0,0,0
4343,345,37,37,0,1,2.0,1,1,2,0,0
4343,349,2,2,0,0,1.0,0,0,0,0,0
4343,350,2,2,0,0,1.0,0,0,0,0,0
4343,355,2,2,0,0,1.0,0,0,0,0,0
4343,365,2,2,0,0,1.0,0,0,0,0,0
4343,366,2,2,0,0,1.0,0,0,0,0,0
4343,368,2,2,0,0,1.0,0,0,0,0,0
4343,369,2,2,0,0,1.0,0,0,0,0,0
4343,372,2,2,0,0,1.0,0,0,0,0,0
4343,373,2,2,0,0,1.0,0,0,0,0,0
4343,375,2,2,0,0,1.0,0,0,0,0,0
4343,380,2,2,0,0,1.0,0,0,0,0,0
4343,385,2,2,0,0,1.0,0,0,0,0,0
4343,390,2,2,0,0,1.0,0,0,0,0,0
4343,395,2,2,0,0,1.0,0,0,0,0,0
4343,600,2,2,0,0,1.0,0,0,0,0,0
4343,640,2,2,0,0,1.0,0,0,0,0,0
4343,663,2,2,0,0,1.0,0,0,0,0,0
4343,696,2,2,0,0,1.0,0,0,0,0,0
4344,365,1,0,0,7,3.0,1,1,2,0,0
4344,640,1,0,0,7,3.0,0,0,0,0,0
4345,520,4,4,0,0,1.0,0,0,0,0,1
4345,530,4,0,4,16,4.0,1,1,3,0,1
4346,501,1,1,0,0,1.0,0,0,0,0,1
4346,530,1,0,1,14,4.0,1,0,0,0,1
4347,490,2,2,0,0,1.0,0,0,0,0,1
4347,517,2,0,2,16,4.0,1,1,2,4,1
4348,450,1,1,0,0,1.0,0,0,0,0,1
4348,451,1,0,1,11,3.0,1,1,2,0,1
4349,531,2,2,0,0,1.0,0,1,3,0,1
4349,625,2,0,1,11,3.0,1,1,2,0,1
4350,500,1,0,1,16,4.0,1,0,0,0,1
4350,501,1,1,0,0,1.0,0,0,0,0,1
4351,420,1,1,0,0,1.0,0,0,0,0,0
4351,433,1,0,0,8,3.0,1,0,0,0,0
4352,230,2,1,0,7,2.0,0,0,0,0,1
4352,600,2,1,1,14,2.5,1,1,1,0,1
4353,510,1,0,1,11,3.0,1,0,0,0,0
4353,516,1,1,0,0,1.0,0,0,0,0,0
4354,200,1,1,0,1,2.0,1,1,2,0,0
4354,552,1,1,0,0,1.0,0,0,0,0,0
4355,530,1,0,1,15,4.0,1,0,0,0,1
4355,531,1,1,0,0,1.0,0,0,0,0,1
4356,490,1,1,0,0,1.0,0,0,0,0,1
4356,500,2,2,0,1,1.5,0,1,2,0,1
4356,517,2,0,2,14,4.0,1,1,2,0,1
4357,490,1,1,0,0,1.0,0,0,0,0,1
4357,540,1,0,1,16,4.0,1,0,0,0,1
4358,437,1,1,0,0,1.0,0,0,0,0,1
4358,450,1,0,1,11,3.0,1,1,2,0,1
4359,490,1,1,0,0,1.0,0,0,0,0,1
4359,620,1,0,1,14,4.0,1,1,3,0,1
4360,365,1,1,0,0,1.0,0,0,0,0,1
4360,625,1,0,1,15,4.0,1,0,0,0,1
4361,432,1,1,0,0,1.0,0,0,0,0,0
4361,615,1,0,1,12,3.0,1,0,0,0,0
4362,530,2,1,1,17,2.5,1,1,1,0,1
4362,531,2,0,2,17,3.5,0,0,0,0,1
4363,501,1,1,0,0,1.0,0,0,0,0,1
4363,530,1,0,1,16,4.0,1,0,0,0,1
4364,432,1,0,0,8,3.0,1,0,0,0,0
4364,435,1,1,0,0,1.0,0,0,0,0,0
4365,516,1,1,0,0,1.0,0,0,0,0,0
4365,517,1,0,1,11,3.0,1,0,0,0,0
4366,490,4,4,0,0,1.0,0,1,2,0,1
4366,516,2,1,0,3,1.5,1,1,2,0,1
4366,517,4,0,2,14,2.75,1,1,2,0,1
4367,220,1,0,0,7,3.0,0,1,2,0,1
4367,483,1,0,1,17,4.0,0,1,2,0,1
4367,625,2,1,1,17,2.5,1,0,0,0,1
4368,490,1,1,0,0,1.0,0,0,0,0,0
4368,551,1,0,0,8,3.0,1,0,0,0,0
4369,501,1,0,1,11,3.0,1,1,2,0,0
4369,530,1,1,0,0,1.0,0,0,0,0,0
4370,531,1,0,1,14,4.0,1,1,2,0,1
4370,625,1,1,0,0,1.0,0,0,0,0,1
4371,2,1,1,0,0,1.0,0,0,0,0,1
4371,220,2,0,1,17,3.5,0,1,2,0,1
4371,437,1,0,1,17,4.0,1,1,2,0,1
4372,500,2,0,2,17,3.5,1,1,2,0,1
4372,517,2,1,1,17,2.5,0,0,0,0,1
4373,501,2,0,2,11,3.0,1,0,0,0,0
4373,520,2,2,0,0,1.0,0,0,0,0,0
4374,501,2,1,1,11,2.0,0,1,2,0,1
4374,530,2,1,1,16,2.5,1,0,0,0,1
4375,530,2,1,1,11,2.0,1,1,1,0,0
4375,531,2,1,0,8,2.0,0,1,1,0,0
4376,520,1,1,0,0,1.0,0,0,0,0,0
4376,530,1,0,1,11,3.0,1,0,0,0,0
4377,490,1,1,0,0,1.0,0,0,0,0,0
4377,540,1,0,1,11,3.0,1,0,0,0,0
4378,452,1,1,0,0,1.0,0,0,0,0,1
4378,461,1,0,1,16,4.0,1,0,0,0,1
4379,531,1,0,1,16,4.0,1,0,0,0,1
4379,679,1,1,0,0,1.0,0,0,0,0,1
4380,471,1,0,1,16,4.0,1,1,1,0,1
4380,475,1,1,0,0,1.0,0,0,0,0,1
4381,490,1,1,0,0,1.0,0,0,0,0,0
4381,500,1,0,0,4,2.0,1,1,2,0,0
4382,220,1,0,0,7,3.0,1,0,0,0,0
4382,437,1,1,0,0,1.0,0,0,0,0,0
4383,530,1,0,1,11,3.0,1,1,1,0,0
4383,531,1,0,1,11,3.0,0,0,0,0,0
4384,483,2,0,1,15,3.5,1,1,2,0,1
4384,625,2,2,0,0,1.0,0,0,0,0,1
4385,501,2,1,1,17,2.5,0,0,0,0,1
4385,530,2,0,2,17,4.0,1,1,2,0,1
4386,490,1,0,1,17,4.0,0,1,2,0,1
4386,500,1,0,1,17,4.0,1,1,2,0,1
4387,520,1,1,0,0,1.0,0,0,0,0,1
4387,530,1,0,1,14,4.0,1,1,3,0,1
4388,516,1,1,0,0,1.0,0,0,0,0,0
4388,517,1,0,1,12,3.0,1,0,0,0,0
4389,530,1,1,0,0,1.0,0,1,1,0,0
4389,531,1,0,1,11,3.0,1,0,0,0,0
4390,483,2,1,1,16,2.5,1,1,2,0,1
4390,625,2,1,1,16,2.5,0,1,2,0,1
4391,501,1,0,1,11,3.0,1,0,0,0,0
4391,520,1,1,0,0,1.0,0,0,0,0,0
4392,490,2,1,1,15,2.5,0,1,1,2,1
4392,500,2,1,1,12,2.0,1,1,1,2,1
4393,490,2,1,1,16,2.5,1,0,0,0,1
4393,516,2,1,1,15,2.5,0,1,2,0,1
4394,530,1,0,1,17,4.0,1,1,1,0,1
4394,531,1,0,1,17,4.0,0,0,0,0,1
4395,483,3,0,3,16,4.0,1,1,2,0,1
4395,625,3,3,0,0,1.0,0,1,2,0,1
4396,520,1,0,1,17,4.0,1,1,2,0,1
4396,530,1,0,1,17,4.0,0,0,0,0,1
4397,2,1,0,1,16,4.0,1,1,2,0,1
4397,520,1,1,0,0,1.0,0,0,0,0,1
4398,522,2,1,1,17,2.5,0,0,0,0,1
4398,531,2,0,2,17,4.0,1,0,0,0,1
4399,530,2,1,1,16,2.5,0,0,0,0,1
4399,625,2,1,1,16,2.5,1,0,0,0,1
4400,501,1,0,1,11,3.0,1,0,0,0,0
4400,520,1,1,0,0,1.0,0,0,0,0,0
4401,520,3,3,0,0,1.0,0,0,0,0,1
4401,530,3,0,3,16,4.0,1,1,2,3,1
4402,490,1,1,0,0,1.0,0,0,0,0,1
4402,540,1,0,1,14,4.0,1,0,0,0,1
4403,483,1,0,1,16,4.0,1,1,3,0,1
4403,625,1,1,0,0,1.0,0,0,0,0,1
4404,501,2,0,2,11,3.0,1,0,0,0,0
4404,520,2,2,0,0,1.0,0,0,0,0,0
4405,530,1,0,1,17,4.0,1,1,1,0,1
4405,531,1,0,1,17,4.0,0,0,0,0,1
4406,500,1,1,0,0,1.0,0,0,0,0,0
4406,517,1,0,1,11,3.0,1,0,0,0,0
4407,531,2,1,1,12,2.0,1,0,0,0,1
4407,679,2,1,1,15,2.5,0,1,2,0,1
4408,500,1,0,1,14,4.0,1,1,2,0,1
4408,501,1,1,0,0,1.0,0,0,0,0,1
4409,373,2,1,0,7,2.0,0,0,0,0,0
4409,630,2,1,0,7,2.0,1,1,2,0,0
4410,350,1,1,0,0,1.0,0,0,0,0,0
4410,352,1,1,0,0,1.0,0,0,0,0,0
4410,640,2,0,0,7,3.0,1,1,1,0,0
4411,365,1,0,1,11,3.0,1,1,2,0,0
4411,373,1,1,0,0,1.0,0,0,0,0,0
4412,339,1,1,0,0,1.0,0,0,0,0,1
4412,343,1,0,1,16,4.0,1,0,0,0,1
4413,344,1,0,0,7,3.0,1,1,2,0,0
4413,349,1,1,0,0,1.0,0,0,0,0,0
4414,371,54,4,50,17,3.7962962962962963,1,1,1,0,1
4414,373,54,13,41,17,3.259259259259259,0,0,0,0,1
4415,350,1,1,0,0,1.0,0,0,0,0,0
4415,640,1,0,0,7,3.0,1,1,1,0,0
4416,365,1,0,0,7,3.0,1,1,2,0,0
4416,372,1,1,0,0,1.0,0,0,0,0,0
4417,365,1,1,0,0,1.0,0,0,0,0,0
4417,390,1,0,0,7,3.0,1,0,0,0,0
4418,373,2,1,0,8,2.0,0,1,2,0,0
4418,630,2,1,0,7,2.0,1,0,0,0,0
4419,359,1,0,1,11,3.0,1,1,1,0,0
4419,369,1,1,0,0,1.0,0,0,0,0,0
4420,365,1,0,0,7,3.0,1,1,2,0,0
4420,372,1,1,0,0,1.0,0,0,0,0,0
4421,702,1,1,0,0,1.0,0,0,0,0,1
4421,704,1,0,1,16,4.0,1,0,0,0,1
4422,365,1,1,0,0,1.0,0,1,2,0,1
4422,372,1,0,1,16,4.0,1,0,0,0,1
4423,350,5,3,0,7,1.8,0,1,1,2,0
4423,640,5,2,0,7,2.2,1,1,1,2,0
4424,365,4,1,1,12,2.5,1,1,2,0,1
4424,372,4,3,1,15,1.75,0,0,0,0,1
4425,365,2,1,1,12,2.0,1,0,0,0,0
4425,369,2,1,0,7,2.0,0,0,0,0,0
4426,702,2,1,0,8,2.0,1,0,0,0,1
4426,703,2,1,1,16,2.5,0,0,0,0,1
4427,702,1,0,1,11,3.0,1,0,0,0,0
4427,704,1,1,0,0,1.0,0,0,0,0,0
4428,703,2,1,1,11,2.0,1,0,0,0,0
4428,704,2,1,1,11,2.0,0,0,0,0,0
4429,365,1,1,0,0,1.0,0,0,0,0,1
4429,385,1,0,1,15,4.0,1,1,2,0,1
4430,703,1,0,1,11,3.0,1,0,0,0,0
4430,704,1,1,0,0,1.0,0,0,0,0,0
4431,350,3,1,0,7,2.3333333333333335,1,1,1,2,0
4431,640,3,2,0,7,1.6666666666666667,0,1,1,2,0
4432,703,2,0,2,16,4.0,1,0,0,0,1
4432,704,2,2,0,0,1.0,0,0,0,0,1
4433,702,2,0,2,16,4.0,1,0,0,0,1
4433,704,2,2,0,0,1.0,0,0,0,0,1
4434,371,1,0,1,16,4.0,1,0,0,0,1
4434,640,1,1,0,0,1.0,0,0,0,0,1
4435,350,5,3,0,7,1.8,0,0,0,0,0
4435,640,5,2,0,7,2.2,1,0,0,0,0
4436,365,12,1,5,17,3.25,1,1,2,0,1
4436,372,12,8,4,17,2.0,0,1,2,0,1
4437,365,2,0,0,7,3.0,1,0,0,0,0
4437,375,2,2,0,0,1.0,0,0,0,0,0
4438,365,1,0,0,7,3.0,1,0,0,0,0
4438,369,1,1,0,0,1.0,0,0,0,0,0
4439,355,1,0,1,16,4.0,1,1,2,0,1
4439,640,1,1,0,0,1.0,0,0,0,0,1
4440,365,1,0,0,7,3.0,1,1,2,0,0
4440,385,1,1,0,0,1.0,0,0,0,0,0
4441,359,1,1,0,0,1.0,0,0,0,0,0
4441,369,1,0,1,11,3.0,1,0,0,0,0
4442,703,2,1,1,17,2.5,1,0,0,0,1
4442,704,2,0,2,17,3.5,0,0,0,0,1
4443,350,1,1,0,0,1.0,0,0,0,0,0
4443,640,1,0,0,7,3.0,1,0,0,0,0
4444,710,1,1,0,0,1.0,0,0,0,0,0
4444,713,1,0,0,7,3.0,1,1,2,0,0
4445,710,1,0,1,12,3.0,1,1,2,0,0
4445,740,1,1,0,0,1.0,0,0,0,0,0
4446,710,1,0,0,7,3.0,1,0,0,0,0
4446,816,1,1,0,0,1.0,0,0,0,0,0
4447,710,1,0,1,12,3.0,1,1,2,0,0
4447,732,1,1,0,0,1.0,0,0,0,0,0
4448,710,1,1,0,0,1.0,0,0,0,0,1
4448,840,1,0,1,15,4.0,1,1,2,0,1
4449,731,1,1,0,0,1.0,0,0,0,0,0
4449,740,1,0,0,7,3.0,1,1,2,0,0
4450,2,1,1,0,0,1.0,0,0,0,0,0
4450,710,1,0,0,7,3.0,1,0,1,2,0
4451,2,1,0,1,15,4.0,1,0,0,0,1
4451,230,1,0,1,15,4.0,1,0,0,0,1
4451,731,1,1,0,0,1.0,0,0,0,0,1
4452,850,1,0,1,16,4.0,1,1,2,0,1
4452,910,1,1,0,0,1.0,0,0,0,0,1
4453,840,1,1,0,0,1.0,0,0,0,0,1
4453,850,1,0,1,16,4.0,1,1,2,0,1
4454,713,1,1,0,0,1.0,0,0,0,0,0
4454,740,1,0,0,7,3.0,1,1,2,0,0
4455,2,3,1,0,7,2.3333333333333335,1,1,2,0,0
4455,731,3,2,0,7,1.6666666666666667,0,1,2,0,0
4456,731,2,2,0,0,1.0,0,0,0,0,1
4456,740,2,0,1,15,3.5,1,1,2,0,1
4457,710,2,2,0,0,1.0,0,0,0,0,1
4457,740,2,0,0,7,3.0,1,1,2,0,1
4458,710,1,0,1,12,3.0,1,0,0,0,0
4458,750,1,1,0,0,1.0,0,0,0,0,0
4459,230,1,0,1,15,4.0,1,0,0,0,1
4459,732,1,1,0,0,1.0,0,0,0,0,1
4460,2,1,0,0,7,3.0,1,0,0,0,0
4460,850,1,1,0,0,1.0,0,0,0,0,0
4461,713,1,0,0,7,3.0,1,1,2,0,0
4461,840,1,1,0,0,1.0,0,0,0,0,0
4462,710,1,1,0,0,1.0,0,1,2,0,0
4462,713,1,0,0,7,3.0,1,1,2,0,0
4463,710,1,0,1,11,3.0,1,0,0,0,0
4463,731,1,1,0,0,1.0,0,0,0,0,0
4464,710,1,1,0,0,1.0,0,0,0,0,1
4464,816,1,0,1,16,4.0,1,1,2,0,1
4465,2,1,0,0,7,3.0,1,1,2,0,0
4465,731,1,1,0,0,1.0,0,0,0,0,0
4466,710,1,0,1,11,3.0,1,0,0,0,0
4466,731,1,1,0,0,1.0,0,0,0,0,0
4467,710,2,1,0,7,2.0,1,0,0,0,0
4467,740,2,1,0,8,2.0,0,0,0,0,0
4468,732,3,2,0,7,1.6666666666666667,0,0,0,0,0
4468,740,3,1,0,7,2.3333333333333335,1,1,1,0,0
4469,710,1,1,0,0,1.0,0,0,0,0,0
4469,713,1,1,0,1,2.0,1,1,2,0,0
4470,713,1,0,0,7,3.0,1,1,2,1,0
4470,740,1,1,0,0,1.0,0,0,0,0,0
4471,344,1,1,0,0,1.0,0,0,0,0,1
4471,850,1,0,1,15,4.0,1,0,0,0,1
4472,710,2,0,0,7,3.0,1,0,0,0,0
4472,740,2,2,0,0,1.0,0,0,0,0,0
4473,731,2,0,1,17,3.5,1,1,2,0,1
4473,732,2,1,1,17,2.5,0,0,0,0,1
4474,710,1,0,1,14,4.0,1,1,1,0,1
4474,760,1,1,0,0,1.0,0,0,0,0,1
4475,365,2,1,0,7,2.0,1,0,0,0,0
4475,740,2,1,0,7,2.0,0,0,0,0,0
4476,732,1,0,0,7,3.0,1,0,0,0,0
4476,740,1,1,0,0,1.0,0,0,0,0,0
4477,365,1,0,1,16,4.0,1,1,2,0,1
4477,740,1,1,0,0,1.0,0,0,0,0,1
4478,710,2,0,0,7,3.0,1,0,0,0,0
4478,713,2,2,0,0,1.0,0,0,0,0,0
4478,740,2,2,0,0,1.0,0,0,0,0,0
4479,731,1,1,0,1,2.0,1,1,2,0,0
4479,732,1,1,0,0,1.0,0,0,0,0,0
4480,365,2,1,0,7,2.0,1,0,0,0,0
4480,740,2,1,0,7,2.0,0,0,0,0,0
4481,731,2,0,0,7,3.0,1,1,2,0,0
4481,732,2,2,0,0,1.0,0,0,0,0,0
4482,713,1,0,0,7,3.0,1,1,2,0,0
4482,740,1,1,0,0,1.0,0,0,0,0,0
4483,2,2,0,0,7,3.0,1,1,2,0,1
4483,731,33,19,5,17,2.0,0,1,2,0,1
4483,732,33,15,5,17,2.272727272727273,1,1,2,0,1
4484,365,1,0,1,16,4.0,1,1,2,0,1
4484,740,1,1,0,0,1.0,0,0,0,0,1
4485,365,1,0,1,16,4.0,1,0,0,0,1
4485,710,1,1,0,0,1.0,0,0,0,0,1
4486,2,2,1,0,7,2.0,0,1,2,0,0
4486,710,2,1,0,7,2.0,1,1,2,0,0
4487,710,1,1,0,0,1.0,0,0,0,0,0
4487,750,1,0,0,8,3.0,1,0,0,0,0
4488,710,2,0,1,15,3.5,1,1,2,0,1
4488,816,2,2,0,0,1.0,0,0,0,0,1
4489,710,1,0,0,7,3.0,1,0,0,0,0
4489,740,1,1,0,0,1.0,0,0,0,0,0
4490,710,1,1,0,0,1.0,0,0,0,0,1
4490,731,1,0,1,16,4.0,1,0,0,0,1
4491,710,61,11,0,7,2.639344262295082,0,1,1,2,1
4491,740,61,50,2,15,1.3934426229508197,1,1,2,0,1
4492,713,1,1,0,0,1.0,0,0,0,0,0
4492,740,1,0,0,7,3.0,1,1,2,0,0
4493,710,1,1,0,0,1.0,0,0,0,0,0
4493,732,1,0,0,7,3.0,1,0,0,0,0
4494,160,1,0,1,16,4.0,1,1,2,0,1
4494,365,1,1,0,0,1.0,0,0,0,0,1
4495,100,2,2,0,0,1.0,0,0,0,0,1
4495,101,2,0,2,16,3.5,1,1,2,0,1
4496,135,1,1,0,0,1.0,0,0,0,0,1
4496,140,1,0,1,16,4.0,1,0,0,0,1
4497,41,1,1,0,0,1.0,0,0,0,0,0
4497,42,1,0,1,11,3.0,1,0,0,0,0
4498,100,1,1,0,0,1.0,0,0,0,0,0
4498,130,1,0,1,11,3.0,1,1,2,0,0
4499,100,1,0,1,11,3.0,1,1,2,0,0
4499,130,1,1,0,0,1.0,0,0,0,0,0
4500,100,1,1,0,0,1.0,0,0,0,0,1
4500,101,1,0,1,16,4.0,1,0,0,0,1
4501,100,1,0,1,16,4.0,1,0,0,0,1
4501,130,1,1,0,0,1.0,0,0,0,0,1
4502,100,2,1,1,12,2.0,1,1,2,0,0
4502,130,2,1,1,11,2.0,0,1,2,0,0
4503,100,2,1,1,12,2.0,0,1,2,0,0
4503,101,2,1,1,11,2.0,1,1,2,0,0
4504,100,1,1,0,0,1.0,0,0,0,0,0
4504,130,1,0,1,11,3.0,1,1,2,0,0
4505,100,1,0,1,12,3.0,1,1,2,0,0
4505,101,1,1,0,0,1.0,0,1,2,0,0
4506,2,2,1,0,7,2.0,1,0,0,0,0
4506,101,2,1,0,7,2.0,0,0,0,0,0
4507,100,2,1,0,7,2.0,1,1,2,0,0
4507,101,2,1,1,11,2.0,0,1,2,0,0
4508,93,1,0,1,14,4.0,1,1,1,2,1
4508,94,1,1,0,0,1.0,0,1,1,2,1
4509,666,1,1,0,0,1.0,0,0,0,0,0
4509,670,1,0,1,11,3.0,1,0,0,0,0
4510,630,1,0,1,11,3.0,1,0,0,0,0
4510,645,1,1,0,0,1.0,0,0,0,0,0
4511,652,1,0,1,17,4.0,0,0,0,0,1
4511,666,1,0,1,17,4.0,1,0,0,0,1
4512,2,1,0,1,16,4.0,1,0,0,0,1
4512,200,1,0,1,15,4.0,1,0,0,0,1
4512,630,1,1,0,0,1.0,0,0,0,0,1
4513,645,1,1,0,0,1.0,0,0,0,0,0
4513,666,1,0,0,8,3.0,1,0,0,0,0
4514,630,1,0,1,16,4.0,1,1,2,0,1
4514,645,1,1,0,0,1.0,0,0,0,0,1
4515,225,1,1,0,0,1.0,0,0,0,0,1
4515,666,1,0,1,16,4.0,1,1,2,0,1
4516,2,1,0,1,15,4.0,1,0,0,0,1
4516,640,1,1,0,0,1.0,0,0,0,0,1
4517,652,1,1,0,0,1.0,0,0,0,0,1
4517,666,1,0,0,7,3.0,1,1,2,0,1
4518,2,2,0,2,17,3.5,1,1,2,0,1
4518,652,2,1,1,17,2.5,0,0,0,0,1
4519,2,1,0,1,17,4.0,0,0,0,0,1
4519,630,1,0,1,17,4.0,1,0,0,0,1
4520,640,1,0,1,11,3.0,1,0,0,0,0
4520,652,1,1,0,0,1.0,0,0,0,0,0
4521,630,1,1,0,0,1.0,0,1,2,0,1
4521,696,1,0,1,16,4.0,1,1,2,0,1
4522,630,2,2,0,0,1.0,0,0,0,0,1
4522,694,2,0,2,16,4.0,1,1,2,0,1
4523,630,1,0,1,11,3.0,1,0,0,0,1
4523,645,1,1,0,0,1.0,0,0,0,0,1
4524,2,1,0,0,7,3.0,1,1,2,0,0
4524,630,1,1,0,0,1.0,0,0,0,0,0
4525,630,1,1,0,0,1.0,0,0,0,0,1
4525,640,1,0,0,7,3.0,1,1,2,0,1
4526,651,1,1,0,0,1.0,0,0,0,0,1
4526,666,1,0,1,16,4.0,1,0,0,0,1
4527,2,2,0,1,17,3.5,0,1,2,0,1
4527,645,2,0,2,17,4.0,0,1,2,0,1
4527,652,1,0,1,17,4.0,1,0,0,0,1
4528,640,1,0,1,11,3.0,1,1,2,0,0
4528,645,1,1,0,0,1.0,0,0,0,0,0
4529,630,2,0,2,16,4.0,1,1,2,0,1
4529,645,2,2,0,0,1.0,0,0,0,0,1
4530,670,2,1,1,17,2.5,0,0,0,0,1
4530,679,2,0,2,17,4.0,1,0,0,0,1
4531,651,1,0,1,17,4.0,1,0,0,0,1
4531,666,1,0,1,17,4.0,0,0,0,0,1
4532,652,1,1,0,0,1.0,0,0,0,0,1
4532,666,1,0,0,7,3.0,1,1,2,0,1
4533,660,19,16,3,17,1.4736842105263157,0,1,2,0,1
4533,666,19,2,5,17,3.0,1,1,2,0,1
4534,630,2,1,1,15,2.5,0,0,0,0,1
4534,645,2,1,1,12,2.0,1,0,0,0,1
4535,2,1,0,1,15,4.0,1,1,2,0,1
4535,630,1,1,0,0,1.0,0,0,0,0,1
4536,630,8,1,7,16,3.625,1,1,2,0,1
4536,645,8,8,0,0,1.0,0,0,0,0,1
4537,640,16,0,16,16,3.875,1,1,2,0,1
4537,645,16,16,0,0,1.0,0,0,0,0,1
4538,2,1,0,1,15,4.0,1,0,0,0,1
4538,630,1,1,0,0,1.0,0,0,0,0,1
4539,652,2,1,1,16,2.5,0,0,0,0,1
4539,666,2,1,1,16,2.5,1,1,2,0,1
4540,2,1,0,1,16,4.0,1,1,2,0,1
4540,652,1,1,0,0,1.0,0,0,0,0,1
4541,2,1,1,0,0,1.0,0,0,0,0,0
4541,630,1,1,0,1,2.0,1,1,2,0,0
4542,220,1,1,0,0,1.0,0,0,0,0,1
4542,666,1,0,1,16,4.0,1,0,0,0,1
4543,2,1,0,1,16,4.0,0,0,0,0,1
4543,630,2,1,0,7,2.0,1,0,0,0,1
4543,645,1,1,0,0,1.0,0,0,0,0,1
4544,651,1,1,0,0,1.0,0,0,0,0,1
4544,666,1,0,1,16,4.0,1,0,0,0,1
4545,660,55,40,11,17,1.690909090909091,0,1,2,0,1
4545,666,55,13,26,17,2.727272727272727,1,1,2,0,1
4546,630,1,0,1,14,4.0,1,1,1,0,1
4546,645,1,1,0,0,1.0,0,0,0,0,1
4547,630,2,0,2,16,4.0,1,1,2,0,1
4547,645,2,2,0,0,1.0,0,0,0,0,1
4548,630,1,1,0,0,1.0,0,0,0,0,0
4548,666,1,0,0,7,3.0,1,1,2,0,0
4549,20,1,1,0,0,1.0,0,0,1,0,0
4549,390,1,0,0,7,3.0,1,1,1,0,0
4550,20,1,0,1,15,4.0,1,1,2,0,1
4550,235,1,1,0,0,1.0,0,0,0,0,1
4551,20,2,0,0,7,3.0,1,1,1,0,0
4551,390,2,2,0,0,1.0,0,1,1,0,0
4552,2,4,0,3,17,3.5,0,1,2,0,1
4552,700,13,3,10,17,3.076923076923077,0,1,2,0,1
4552,770,17,6,11,17,2.823529411764706,1,1,2,0,1
4553,775,5,3,2,16,2.0,1,1,2,0,1
4553,800,5,2,3,11,2.2,0,1,2,0,1
4554,750,1,0,1,17,4.0,0,1,1,0,1
4554,771,1,0,1,17,4.0,1,0,0,0,1
4555,750,19,5,14,17,3.1052631578947367,1,1,2,0,1
4555,771,19,6,10,17,2.8947368421052633,0,1,2,0,1
4556,820,1,0,0,7,3.0,1,1,1,2,0
4556,830,1,1,0,0,1.0,0,0,0,0,0
4557,775,1,0,1,16,4.0,1,0,0,0,1
4557,800,1,1,0,0,1.0,0,0,0,0,1
4558,775,1,0,1,16,4.0,1,1,2,0,1
4558,800,1,1,0,0,1.0,0,0,0,0,1
4559,800,2,1,1,15,2.5,0,0,0,0,1
4559,820,2,1,1,11,2.0,1,0,0,0,1
4560,800,1,1,0,0,1.0,0,0,0,0,1
4560,850,1,0,1,16,4.0,1,1,2,0,1
4561,750,1,0,1,16,4.0,1,0,0,0,1
4561,770,1,1,0,0,1.0,0,0,0,0,1
4562,775,1,0,1,16,4.0,1,1,2,0,1
4562,800,1,1,0,0,1.0,0,0,0,0,1
4563,750,1,1,0,0,1.0,0,1,2,0,1
4563,790,1,0,1,12,3.0,1,0,0,0,1
4564,775,3,2,1,16,2.0,1,1,2,0,1
4564,800,3,1,1,11,2.3333333333333335,0,0,0,0,1
4565,750,1,0,0,8,3.0,1,0,0,0,0
4565,775,1,1,0,0,1.0,0,0,0,0,0
4566,750,2,0,1,16,3.5,1,1,2,0,1
4566,770,2,2,0,0,1.0,0,1,1,0,1
4567,820,2,0,0,7,3.0,1,1,2,0,0
4567,850,2,2,0,0,1.0,0,1,2,0,0
4568,2,1,0,1,16,4.0,1,1,2,0,1
4568,770,1,1,0,0,1.0,0,0,0,0,1
4569,800,2,1,1,11,2.0,0,1,0,0,0
4569,811,2,1,1,11,2.0,1,1,2,0,0
4570,800,1,1,0,0,1.0,0,0,0,0,0
4570,820,1,0,0,8,3.0,1,0,0,0,0
4571,2,2,0,2,16,4.0,1,1,2,0,1
4571,770,2,2,0,0,1.0,0,0,0,0,1
4572,800,2,1,1,15,2.5,0,0,0,0,1
4572,820,2,1,1,12,2.0,1,0,0,0,1
4573,700,2,0,2,17,3.5,0,1,2,0,1
4573,770,2,1,1,17,2.5,1,0,0,0,1
4574,775,1,1,0,0,1.0,0,0,0,0,0
4574,800,1,0,1,11,3.0,1,0,0,0,0
4575,2,41,0,41,16,4.0,1,1,2,0,1
4575,770,41,41,0,0,1.0,0,0,0,0,1
4576,700,3,1,2,16,2.6666666666666665,1,0,0,0,1
4576,770,3,2,0,7,1.6666666666666667,0,0,0,0,1
4577,2,2,0,1,16,3.5,1,1,2,0,1
4577,770,2,2,0,0,1.0,0,0,0,0,1
4578,630,1,0,0,7,3.0,1,0,0,0,1
4578,700,1,1,0,0,1.0,0,0,0,0,1
4579,775,1,0,1,16,4.0,1,0,0,0,1
4579,800,1,1,0,0,1.0,0,0,0,0,1
4580,710,1,1,0,0,1.0,0,0,0,0,0
4580,750,1,0,1,11,3.0,1,1,2,0,0
4581,2,14,0,13,17,3.9285714285714284,1,1,2,0,1
4581,770,14,13,1,17,1.2142857142857142,0,1,2,0,1
4582,750,2,0,2,17,4.0,1,0,0,0,1
4582,771,2,1,1,17,2.5,0,0,0,0,1
4583,630,2,0,2,17,4.0,1,0,0,0,1
4583,700,2,1,1,17,2.5,0,0,0,0,1
4584,700,3,0,3,17,4.0,1,1,2,0,1
4584,770,3,1,2,17,3.0,0,0,0,0,1
4585,750,73,23,45,17,2.9726027397260273,0,1,2,0,1
4585,770,73,9,61,17,3.5616438356164384,1,1,2,1,1
4586,820,1,0,0,7,3.0,1,1,2,0,0
4586,850,1,1,0,0,1.0,0,0,0,0,0
4587,750,2,2,0,0,1.0,0,0,0,0,1
4587,780,2,0,2,16,4.0,1,1,2,0,1
4588,800,18,3,13,17,3.2222222222222223,1,1,1,0,1
4588,811,18,8,9,17,2.4444444444444446,0,1,2,0,1
4589,850,1,0,1,16,4.0,1,0,0,0,1
4589,910,1,1,0,0,1.0,0,0,0,0,1
4590,750,1,0,1,17,4.0,0,0,0,0,1
4590,771,1,0,1,17,4.0,1,0,0,0,1
4591,771,2,1,0,7,2.0,1,0,0,0,0
4591,775,2,1,1,11,2.0,0,1,2,0,0
4592,750,2,1,0,7,2.0,1,0,0,0,0
4592,771,2,1,0,7,2.0,0,1,2,0,0
4593,750,5,0,3,17,3.6,1,0,0,0,1
4593,771,5,4,1,17,1.6,0,0,0,0,1
4594,630,1,0,1,17,4.0,1,0,0,0,1
4594,700,1,0,1,17,4.0,0,0,0,0,1
4595,775,1,0,1,16,4.0,1,0,0,0,1
4595,800,1,1,0,0,1.0,0,0,0,0,1
4596,771,2,2,0,0,1.0,0,0,0,0,0
4596,775,2,0,1,11,3.0,1,1,2,0,0
4597,630,1,0,1,11,3.0,1,0,0,0,0
4597,770,1,1,0,0,1.0,0,0,0,0,0
4598,2,7,0,6,17,3.857142857142857,1,1,2,0,1
4598,770,7,5,2,17,1.8571428571428572,0,1,2,0,1
4599,630,2,1,1,15,2.5,1,0,0,0,1
4599,700,2,1,1,15,2.5,0,0,0,0,1
4601,2,2,1,0,7,2.0,0,0,0,0,0
4601,365,2,1,0,7,2.0,1,0,0,0,0
4602,2,1,1,0,0,1.0,0,1,2,0,0
4602,630,1,0,0,7,3.0,1,1,2,0,0
4603,2,1,1,0,0,1.0,0,1,2,0,1
4603,630,1,0,1,16,4.0,1,1,2,0,1
4604,2,2,0,2,16,4.0,1,0,0,0,1
4604,700,2,2,0,0,1.0,0,0,0,0,1
4605,2,1,1,0,0,1.0,0,1,2,0,0
4605,710,1,0,0,7,3.0,1,1,2,0,0
4606,2,1,1,0,0,1.0,0,1,2,0,0
4606,710,1,0,0,7,3.0,1,1,2,0,0
4607,51,1,0,1,16,4.0,1,1,2,0,1
4607,91,1,1,0,0,1.0,0,0,0,0,1
4608,95,1,1,0,0,1.0,0,0,0,0,1
4608,130,1,0,1,15,4.0,1,1,2,0,1
4609,95,1,0,1,15,4.0,1,0,0,0,1
4609,731,1,1,0,0,1.0,0,0,0,0,1
4610,100,2,1,0,7,2.0,0,0,0,0,0
4610,365,2,1,0,7,2.0,1,0,0,0,0
4611,101,1,0,1,15,4.0,1,0,0,0,1
4611,110,1,1,0,0,1.0,0,0,0,0,1
4612,160,1,1,0,0,1.0,0,1,1,0,0
4612,200,1,0,0,7,3.0,1,1,1,0,0
4613,160,1,1,0,0,1.0,0,0,0,0,1
4613,452,1,0,1,15,4.0,1,1,2,0,1
4614,200,1,1,0,0,1.0,0,1,1,0,0
4614,230,1,0,0,7,3.0,1,1,1,0,0
4615,200,2,1,0,7,2.0,0,1,1,0,0
4615,230,2,1,0,7,2.0,1,1,1,0,0
4616,200,1,0,0,7,3.0,1,1,1,0,0
4616,230,1,1,0,0,1.0,0,1,1,0,0
4617,220,1,0,1,17,4.0,1,1,3,0,1
4617,437,1,0,1,17,4.0,0,0,0,0,1
4618,220,1,1,0,0,1.0,0,0,-9,0,1
4618,437,1,0,1,15,4.0,1,0,-9,0,1
4619,325,2,1,1,16,2.5,1,0,-9,0,1
4619,750,2,1,1,15,2.5,0,0,-9,0,1
4620,345,1,0,1,11,3.0,1,1,1,0,0
4620,347,1,1,0,0,1.0,0,1,1,0,0
4621,345,2,0,2,16,3.5,1,1,1,0,1
4621,347,2,2,0,0,1.0,0,1,1,0,1
4622,365,1,1,0,0,1.0,0,0,0,0,1
4622,404,1,1,0,0,1.0,0,0,0,0,1
4622,433,2,0,2,15,4.0,1,1,2,0,1
4624,800,1,0,1,11,3.0,1,1,1,0,1
4624,811,1,1,0,0,1.0,0,1,1,0,1
4625,350,3,1,0,7,2.3333333333333335,1,1,1,0,0
4625,640,3,2,0,7,1.6666666666666667,0,1,1,0,0
4626,350,1,1,0,0,1.0,0,1,1,0,0
4626,640,1,0,0,7,3.0,1,1,1,0,0
4627,350,9,6,0,7,1.6666666666666667,0,1,1,0,0
4627,640,9,3,0,7,2.3333333333333335,1,1,1,0,0
4628,352,2,2,0,0,1.0,0,1,2,1,0
4628,640,2,0,0,7,3.0,1,1,2,1,0
4628,666,2,1,0,7,2.0,0,1,2,0,0
4629,365,2,0,1,15,3.5,1,1,1,0,1
4629,372,2,2,0,0,1.0,0,0,0,0,1
4630,365,2,0,0,7,3.0,1,1,1,3,0
4630,372,2,2,0,0,1.0,0,1,1,0,0
4631,365,4,0,0,7,3.0,1,1,1,0,0
4631,372,4,4,0,0,1.0,0,1,1,0,0
4632,640,9,0,9,16,4.0,1,1,2,0,1
4632,645,9,9,0,0,1.0,0,1,2,0,1
4633,640,1,0,1,16,4.0,1,1,2,0,1
4633,645,1,1,0,0,1.0,0,1,2,0,1
4634,365,1,0,1,15,4.0,1,1,2,0,1
4634,368,1,1,0,0,1.0,0,0,0,0,1
4636,2,1,0,1,17,4.0,1,0,0,0,1
4636,700,34,15,17,17,2.6176470588235294,1,1,1,0,1
4636,770,34,8,26,17,3.2058823529411766,0,1,1,0,1
4637,365,3,2,0,7,1.6666666666666667,0,1,2,0,0
4637,640,3,1,0,7,2.3333333333333335,1,1,2,0,0
4637,652,2,1,0,7,2.0,0,1,2,0,0
4639,365,1,1,0,0,1.0,0,0,0,0,1
4639,705,1,0,1,16,4.0,1,1,2,0,1
4640,365,1,0,1,16,4.0,1,1,2,0,1
4640,710,1,1,0,0,1.0,0,0,0,0,1
4642,373,1,1,0,0,1.0,0,0,0,0,1
4642,630,1,0,1,12,3.0,1,0,0,0,1
4643,437,1,1,0,0,1.0,0,1,1,0,1
4643,438,1,0,1,14,4.0,1,1,1,0,1
4644,471,1,0,1,17,4.0,0,0,0,0,1
4644,482,1,0,1,17,4.0,1,0,0,0,1
4645,484,1,1,0,0,1.0,0,1,1,0,1
4645,540,1,0,1,15,4.0,1,1,1,0,1
4646,490,1,1,0,0,1.0,0,1,2,0,1
4646,500,1,0,1,11,3.0,1,1,2,0,1
4647,490,1,0,1,17,4.0,0,0,0,0,1
4647,517,1,0,1,17,4.0,1,0,0,0,1
4648,490,1,0,1,16,4.0,1,1,2,0,1
4648,517,1,1,0,0,1.0,0,1,2,0,1
4649,490,1,1,0,0,1.0,0,0,0,0,1
4649,517,1,0,1,15,4.0,1,0,0,0,1
4650,490,2,0,2,17,4.0,0,1,1,0,1
4650,517,2,1,1,17,2.5,1,1,1,0,1
4651,490,1,1,0,0,1.0,0,0,0,0,1
4651,626,1,0,1,15,4.0,1,0,0,0,1
4652,501,1,0,1,11,3.0,1,1,2,0,1
4652,520,1,1,0,0,1.0,0,0,0,0,1
4653,501,2,0,2,17,4.0,1,1,2,0,1
4653,520,2,1,1,17,2.5,0,0,0,0,1
4654,520,1,1,0,0,1.0,0,0,0,0,1
4654,530,1,0,1,13,4.0,1,1,2,0,1
4655,530,1,1,0,0,1.0,0,1,1,0,1
4655,531,1,0,1,11,3.0,1,1,1,0,1
4656,625,12,3,9,17,3.25,1,1,1,0,1
4656,626,12,4,7,17,2.9166666666666665,0,1,1,0,1
4657,625,1,0,1,16,4.0,1,1,1,0,1
4657,626,1,1,0,0,1.0,0,1,1,0,1
4658,625,1,1,0,0,1.0,0,0,0,0,1
4658,666,1,0,1,16,4.0,1,1,2,0,1
4659,625,1,1,0,0,1.0,0,0,0,0,1
4659,666,1,0,1,16,4.0,1,1,2,0,1
4660,625,1,1,0,0,1.0,0,0,0,0,1
4660,666,1,0,1,16,4.0,1,1,2,0,1
4661,630,1,1,0,0,1.0,0,0,0,0,0
4661,640,1,0,1,11,3.0,1,1,2,0,0
4662,630,2,1,0,7,2.0,1,0,0,0,0
4662,640,2,1,0,7,2.0,0,0,0,0,0
4663,630,4,0,4,16,3.75,1,1,2,0,1
4663,645,4,4,0,0,1.0,0,1,2,0,1
4664,630,1,0,0,7,3.0,1,0,-9,0,0
4664,670,1,1,0,0,1.0,0,0,0,0,0
4665,630,3,0,3,17,3.6666666666666665,0,1,1,0,1
4665,700,3,2,1,17,2.0,1,1,1,0,1
4666,630,1,0,1,17,4.0,1,1,1,0,1
4666,700,1,0,1,17,4.0,0,1,1,0,1
4667,630,1,0,1,16,4.0,1,0,0,0,1
4667,700,1,1,0,0,1.0,0,0,0,0,1
4668,630,2,2,0,1,2.0,1,1,2,0,0
4668,700,1,1,0,0,1.0,0,0,0,0,0
4668,770,1,1,0,0,1.0,0,0,0,0,0
4669,630,1,0,1,17,4.0,0,1,1,0,1
4669,700,1,0,1,17,4.0,1,1,1,0,1
4670,630,1,0,1,15,4.0,1,1,2,0,1
4670,750,1,1,0,0,1.0,0,0,0,0,1
4671,630,1,0,1,16,4.0,1,1,2,0,1
4671,770,1,1,0,0,1.0,0,0,0,0,1
4672,630,7,1,5,17,3.5714285714285716,1,1,2,0,1
4672,770,7,6,1,17,1.4285714285714286,0,0,0,0,1
4673,640,1,0,0,7,3.0,1,1,2,0,0
4673,666,1,1,0,0,1.0,0,1,2,0,0
4674,651,2,2,0,0,1.0,0,0,0,0,1
4674,666,2,0,2,16,3.5,1,1,2,0,1
4675,651,1,1,0,0,1.0,0,0,0,0,1
4675,666,1,0,1,16,4.0,1,0,-9,0,1
4676,2,2,0,0,7,3.0,1,1,2,0,0
4676,20,1,0,0,7,3.0,1,1,2,0,0
4676,200,2,0,0,7,3.0,1,1,2,0,0
4676,211,1,0,0,7,3.0,1,1,2,0,0
4676,365,5,5,0,0,1.0,0,1,2,0,0
4676,368,1,1,0,0,1.0,1,1,2,0,0
4676,375,1,1,0,0,1.0,1,1,2,0,0
4676,385,2,0,0,7,3.0,1,1,2,0,0
4676,385,2,0,0,7,3.0,1,1,2,0,0
4676,390,1,0,0,7,3.0,1,1,2,0,0
4676,390,1,0,0,7,3.0,1,1,2,0,0
4677,365,1,1,0,0,1.0,0,1,2,0,1
4677,385,1,0,1,15,4.0,1,1,2,0,1
4678,20,2,1,0,7,2.0,1,1,2,0,0
4678,200,1,0,0,7,3.0,1,1,2,0,0
4678,200,1,0,0,7,3.0,1,1,2,0,0
4678,210,1,0,0,7,3.0,1,1,2,0,0
4678,220,1,0,0,7,3.0,1,1,2,0,0
4678,235,2,0,0,7,3.0,1,1,2,0,0
4678,255,2,0,0,7,3.0,1,1,2,0,0
4678,255,2,0,0,7,3.0,1,1,2,0,0
4678,290,1,0,0,7,3.0,1,1,2,0,0
4678,365,15,9,0,7,1.8,0,1,2,0,0
4678,366,2,2,0,0,1.0,1,1,2,0,0
4678,366,2,2,0,0,1.0,1,1,2,0,0
4678,368,2,1,0,8,2.0,1,1,2,0,0
4678,375,3,2,0,7,1.6666666666666667,1,1,2,0,0
4678,375,3,2,0,7,1.6666666666666667,1,1,2,0,0
4678,380,2,1,0,7,2.0,1,1,2,0,0
4678,385,2,0,0,7,3.0,1,1,2,0,0
4678,385,2,0,0,7,3.0,1,1,2,0,0
4678,390,3,0,0,7,3.0,1,1,2,0,0
4678,640,1,0,0,7,3.0,1,1,2,0,0
4679,365,4,2,0,7,2.0,1,1,2,0,0
4679,732,1,0,0,7,3.0,0,1,2,0,0
4679,740,4,2,0,7,2.0,0,1,2,0,0
4680,2,1,1,0,0,1.0,0,1,2,0,0
4680,365,8,5,0,7,1.75,1,1,2,0,0
4680,710,1,1,0,0,1.0,1,0,0,0,0
4680,732,3,1,0,7,2.3333333333333335,0,1,2,0,0
4680,732,3,1,0,7,2.3333333333333335,0,1,2,0,0
4680,740,5,2,0,7,2.2,0,1,2,0,0
4681,365,1,0,1,16,4.0,1,1,2,0,1
4681,369,1,1,0,0,1.0,0,0,0,0,1
4682,365,13,9,0,7,1.6153846153846154,0,1,1,0,1
4682,369,13,4,5,16,2.4615384615384617,1,1,1,0,1
4683,365,5,3,1,14,2.0,1,1,1,0,1
4683,369,5,2,0,8,2.2,0,1,1,0,1
4684,700,2,2,0,0,1.0,0,0,0,0,1
4684,701,2,0,2,14,4.0,1,1,2,0,1
4685,2,3,1,1,16,3.0,1,1,3,0,1
4685,20,2,0,1,16,3.5,1,1,3,0,1
4685,200,3,1,1,16,3.0,1,1,3,0,1
4685,210,1,0,1,13,4.0,1,1,3,0,1
4685,211,2,0,1,13,3.5,1,1,3,0,1
4685,212,1,1,0,1,2.0,1,1,3,0,1
4685,220,3,1,1,16,3.0,1,1,3,0,1
4685,230,2,1,1,13,3.0,1,1,3,0,1
4685,235,1,1,0,1,2.0,1,1,3,0,1
4685,255,1,1,0,1,2.0,1,1,3,0,1
4685,290,1,1,0,1,2.0,1,1,3,0,1
4685,310,1,1,0,1,2.0,1,1,3,0,1
4685,316,1,1,0,1,2.0,1,1,3,0,1
4685,317,1,1,0,1,2.0,1,1,3,0,1
4685,325,2,0,0,7,3.0,1,1,3,0,1
4685,339,1,1,0,1,2.0,1,1,3,0,1
4685,341,1,1,0,1,2.0,1,1,3,0,1
4685,344,1,1,0,1,2.0,1,1,3,0,1
4685,349,1,1,0,1,2.0,1,1,3,0,1
4685,350,2,1,1,13,3.0,1,1,3,0,1
4685,355,2,1,1,13,3.0,1,1,3,0,1
4685,360,2,1,1,13,3.0,1,1,3,0,1
4685,366,1,1,0,1,2.0,1,1,3,0,1
4685,367,1,1,0,1,2.0,1,1,3,0,1
4685,368,1,1,0,1,2.0,1,1,3,0,1
4685,380,2,0,0,7,3.0,1,1,3,0,1
4685,385,2,1,1,16,3.0,1,1,3,0,1
4685,390,1,0,0,7,3.0,1,1,3,0,1
4685,395,1,1,0,1,2.0,1,1,3,0,1
4685,620,3,3,0,0,1.0,0,0,0,0,1
4685,640,2,1,1,13,3.0,1,1,3,0,1
4685,663,1,0,1,13,4.0,1,1,3,0,1
4685,694,2,0,1,13,3.5,1,1,3,0,1
4685,696,1,0,0,7,3.0,1,1,3,0,1
4686,616,3,1,2,17,2.6666666666666665,1,1,2,0,1
4686,620,3,1,2,17,2.6666666666666665,0,1,2,0,1
4687,652,22,14,8,17,2.090909090909091,0,1,2,0,1
4687,666,22,3,19,17,3.5,1,1,2,0,1
4688,652,4,0,4,17,4.0,1,0,0,0,1
4688,663,4,2,2,17,2.5,0,1,4,0,1
4689,652,32,3,29,17,3.59375,1,1,2,0,1
4689,660,32,29,3,17,1.21875,0,1,2,0,1
4690,652,1,0,1,16,4.0,1,0,0,0,1
4690,663,1,1,0,0,1.0,0,1,4,0,1
4691,2,2,1,0,7,2.5,0,1,2,0,1
4691,2,2,1,0,7,2.5,0,1,2,0,1
4691,2,2,1,0,7,2.5,0,1,2,0,1
4691,200,2,1,0,7,2.0,0,1,2,0,1
4691,365,2,0,0,7,3.0,1,1,2,0,1
4691,640,39,10,21,17,2.8461538461538463,0,1,2,0,1
4691,645,2,1,0,8,2.0,0,1,2,0,1
4691,652,45,31,13,17,1.8666666666666667,1,1,2,0,1
4691,666,1,0,1,10,3.0,0,0,0,0,1
4691,670,1,0,0,8,3.0,0,0,0,0,1
4692,490,1,0,1,16,4.0,1,1,2,0,1
4692,500,1,1,0,0,1.0,0,0,0,0,1
4693,702,3,0,3,17,3.6666666666666665,1,1,1,0,1
4693,703,3,1,2,17,3.0,0,1,1,0,1
4694,2,2,1,0,7,2.0,1,1,2,0,0
4694,710,2,1,0,7,2.0,0,0,0,0,0
4694,732,2,1,0,7,2.0,1,1,2,0,0
4694,740,2,1,0,7,2.0,1,1,2,0,0
4695,710,2,1,0,7,2.0,1,1,2,0,0
4695,713,2,1,0,7,2.0,0,1,2,0,0
4696,710,1,1,0,0,1.0,0,1,2,0,1
4696,732,1,0,1,16,4.0,1,0,0,0,1
4698,2,1,1,0,0,1.0,0,0,0,0,0
4698,710,1,0,0,7,3.0,1,1,2,0,0
4698,713,2,1,0,7,2.0,0,0,0,0,0
4699,710,3,1,0,7,2.3333333333333335,1,1,2,0,0
4699,816,3,2,0,7,1.6666666666666667,0,1,2,0,0
4700,710,2,0,1,15,3.5,1,1,2,0,1
4700,816,2,2,0,0,1.0,0,1,2,0,1
4701,710,1,0,1,16,4.0,1,1,2,0,1
4701,816,1,1,0,0,1.0,0,1,2,0,1
4702,710,1,0,0,7,3.0,1,1,2,0,1
4702,816,1,1,0,0,1.0,0,1,2,0,1
4703,710,4,1,0,7,2.5,1,1,2,0,1
4703,840,4,3,0,7,1.5,0,1,2,0,1
4704,710,1,0,0,7,3.0,1,1,2,0,1
4704,840,1,1,0,0,1.0,0,1,2,0,1
4705,713,3,0,0,7,3.0,1,1,2,0,0
4705,740,3,3,0,0,1.0,0,1,2,0,0
4706,2,1,0,0,8,3.0,0,1,2,0,1
4706,731,11,6,1,17,2.0,1,1,2,1,1
4706,732,11,4,3,17,2.5454545454545454,0,1,2,1,1
4707,713,1,0,0,7,3.0,1,1,2,0,0
4707,840,1,1,0,0,1.0,0,0,0,0,0
4708,702,2,1,1,17,2.5,0,0,0,0,1
4708,704,2,0,2,17,4.0,1,0,0,0,1
4709,702,1,0,1,17,4.0,0,0,0,0,1
4709,704,1,0,1,17,4.0,1,0,0,0,1
4710,750,2,0,2,16,4.0,1,0,0,0,1
4710,771,2,2,0,0,1.0,0,0,0,0,1
4711,750,2,0,2,16,4.0,1,0,0,0,1
4711,771,2,2,0,0,1.0,0,0,0,0,1
4712,750,1,0,0,8,3.0,1,0,0,0,0
4712,771,1,1,0,0,1.0,0,0,0,0,0
4713,771,1,1,0,0,1.0,0,1,4,0,0
4713,775,1,0,1,12,3.0,1,1,4,0,0
4714,771,1,0,1,17,4.0,1,1,2,0,1
4714,775,1,0,1,17,4.0,0,1,2,0,1
4715,775,1,0,1,16,4.0,1,0,0,0,1
4715,800,1,1,0,0,1.0,0,0,0,0,1
4716,775,1,0,1,16,4.0,1,1,2,0,1
4716,800,1,1,0,0,1.0,0,1,2,0,1
4717,820,1,1,0,0,1.0,0,1,2,0,0
4717,850,1,0,0,7,3.0,1,1,2,0,0
4718,703,3,1,2,17,3.0,0,1,1,0,1
4718,704,3,1,2,17,3.0,1,1,1,0,1
4719,710,4,1,3,14,2.75,1,1,1,0,1
4719,750,4,3,0,7,1.5,0,1,1,0,1
4720,710,1,0,0,7,3.0,1,1,1,0,0
4720,750,1,1,0,0,1.0,0,1,1,0,0
4721,731,2,2,0,0,1.0,0,1,2,0,0
4721,732,1,0,0,8,3.0,1,1,2,0,0
4721,740,1,0,1,10,3.0,1,1,2,0,0
4722,732,2,1,0,7,2.0,0,1,1,0,0
4722,740,2,1,0,7,2.0,1,1,1,0,0
4723,732,2,1,0,7,2.0,0,1,1,0,0
4723,740,2,1,0,7,2.0,1,1,1,0,0
4724,731,2,2,0,0,1.0,0,1,2,0,0
4724,732,1,0,0,8,3.0,1,1,2,0,0
4724,740,1,0,0,8,3.0,1,1,2,0,0
4725,731,1,1,0,0,1.0,0,1,2,0,0
4725,732,1,0,0,8,3.0,1,1,2,0,0
4726,2,1,0,1,16,4.0,1,1,2,0,1
4726,770,1,1,0,0,1.0,0,1,2,0,1
